
--US12057 : PNP data upload - SIF Nickname handling and APIP hiearchy handling 

DELETE FROM fieldspecificationsrecordtypes WHERE fieldspecificationid in (Select id from fieldspecification where fieldname in ('AssessmentNeedBrailleGradeType','AssessmentNeedNumberOfBrailleCells','AssessmentNeedBrailleMarkType','AssessmentNeedBrailleDotPressure','AssessmentNeedBackgroundColor','AssessmentNeedSpokenSourcePreferenceType','AssessmentNeedNumberOfBrailleDotsType','AssessmentNeedReadAtStartPreference','brailleUsage','AssessmentNeedBrailleStatusCellType','AssessmentNeedMaskingType','AssessmentNeedMagnification','AssessmentNeedUserSpokenPreferenceType','AssessmentNeedTimeMultiplier','TactileApplication','usage','AssessmentNeedAssignedSupport','AssessmentNeedActivateByDefault','AssessmentNeedSigningType','AssessmentNeedOverlayColor','AssessmentNeedForegroundColor','SpokenassignedSupport','SpokenActivateByDefault','SpokenSourcePreference','ReadAtStartPreference','UserSpokenPreference','SigningAssignedSupport','SigningActivatebydefault','SigningType','BrailleAssignedSupport','BrailleActivatebydefault','brailleGrade','numberOfBrailleDots','numberOfBrailleCells','brailleMark','brailleDotPressure','brailleStatusCell','MaskingAssignedSupport','MaskingActivatebydefault','MaskingType','MagnificationAssignedSupport','MagnificationActivatebydefault','magnificationAmount','tactileFile','AdditionalTestingTimeAssignedSupport','TimeMultiplier','BackgroundColourAssignedSupport','BackgroundColourActivateByDefault','Colour','ColourOverlayAssignedSupport','ColourOverlayactivateByDefault','colourTint','ForegroundColourAssignedSupport','ForegroundColourActivateByDefault','AssessmentNeedUsage','AdditionalTestingTimeActivatebydefault','AssignedSupport','ActivatebyDefault','Band'));
DELETE from fieldspecification where fieldname in ('AssessmentNeedBrailleGradeType','AssessmentNeedNumberOfBrailleCells','AssessmentNeedBrailleMarkType','AssessmentNeedBrailleDotPressure','AssessmentNeedBackgroundColor','AssessmentNeedSpokenSourcePreferenceType','AssessmentNeedNumberOfBrailleDotsType','AssessmentNeedReadAtStartPreference','brailleUsage','AssessmentNeedBrailleStatusCellType','AssessmentNeedMaskingType','AssessmentNeedMagnification','AssessmentNeedUserSpokenPreferenceType','AssessmentNeedTimeMultiplier','TactileApplication','usage','AssessmentNeedAssignedSupport','AssessmentNeedActivateByDefault','AssessmentNeedSigningType','AssessmentNeedOverlayColor','AssessmentNeedForegroundColor','SpokenassignedSupport','SpokenActivateByDefault','SpokenSourcePreference','ReadAtStartPreference','UserSpokenPreference','SigningAssignedSupport','SigningActivatebydefault','SigningType','BrailleAssignedSupport','BrailleActivatebydefault','brailleGrade','numberOfBrailleDots','numberOfBrailleCells','brailleMark','brailleDotPressure','brailleStatusCell','MaskingAssignedSupport','MaskingActivatebydefault','MaskingType','MagnificationAssignedSupport','MagnificationActivatebydefault','magnificationAmount','tactileFile','AdditionalTestingTimeAssignedSupport','TimeMultiplier','BackgroundColourAssignedSupport','BackgroundColourActivateByDefault','Colour','ColourOverlayAssignedSupport','ColourOverlayactivateByDefault','colourTint','ForegroundColourAssignedSupport','ForegroundColourActivateByDefault','AssessmentNeedUsage','AdditionalTestingTimeActivatebydefault','AssignedSupport','ActivatebyDefault','Band');


--APIP

INSERT INTO fieldspecification (fieldname, allowablevalues, minimum, maximum, fieldlength,rejectifempty, rejectifinvalid, formatregex, mappedname, showerror, createddate, createduser, activeflag, modifieddate, modifieduser, iskeyvaluepairfield)VALUES ('needLanguageType', NULL, NULL, NULL, 30, false, false, NULL, 'needLanguageType', false, now(), (Select id from aartuser where username = 'cetesysadmin'), true, now(), (Select id from aartuser where username = 'cetesysadmin'), false);
INSERT INTO fieldspecification (fieldname, allowablevalues, minimum, maximum, fieldlength,rejectifempty, rejectifinvalid, formatregex, mappedname, showerror, createddate, createduser, activeflag, modifieddate, modifieduser, iskeyvaluepairfield)VALUES ('assignedSupport', NULL, NULL, NULL, 30, false, false, NULL, 'assignedSupport', false, now(), (Select id from aartuser where username = 'cetesysadmin'), true, now(), (Select id from aartuser where username = 'cetesysadmin'), false);
INSERT INTO fieldspecification (fieldname, allowablevalues, minimum, maximum, fieldlength,rejectifempty, rejectifinvalid, formatregex, mappedname, showerror, createddate, createduser, activeflag, modifieddate, modifieduser, iskeyvaluepairfield)VALUES ('activateByDefault', NULL, NULL, NULL, 30, false, false, NULL, 'activateByDefault', false, now(), (Select id from aartuser where username = 'cetesysadmin'), true, now(), (Select id from aartuser where username = 'cetesysadmin'), false);
INSERT INTO fieldspecification (fieldname, allowablevalues, minimum, maximum, fieldlength,rejectifempty, rejectifinvalid, formatregex, mappedname, showerror, createddate, createduser, activeflag, modifieddate, modifieduser, iskeyvaluepairfield)VALUES ('SpokenSourcePreference ', NULL, NULL, NULL, 30, false, false, NULL, 'SpokenSourcePreference ', false, now(), (Select id from aartuser where username = 'cetesysadmin'), true, now(), (Select id from aartuser where username = 'cetesysadmin'), false);
INSERT INTO fieldspecification (fieldname, allowablevalues, minimum, maximum, fieldlength,rejectifempty, rejectifinvalid, formatregex, mappedname, showerror, createddate, createduser, activeflag, modifieddate, modifieduser, iskeyvaluepairfield)VALUES ('ReadAtStartPreference', NULL, NULL, NULL, 30, false, false, NULL, 'ReadAtStartPreference', false, now(), (Select id from aartuser where username = 'cetesysadmin'), true, now(), (Select id from aartuser where username = 'cetesysadmin'), false);
INSERT INTO fieldspecification (fieldname, allowablevalues, minimum, maximum, fieldlength,rejectifempty, rejectifinvalid, formatregex, mappedname, showerror, createddate, createduser, activeflag, modifieddate, modifieduser, iskeyvaluepairfield)VALUES ('UserSpokenPreference', NULL, NULL, NULL, 30, false, false, NULL, 'UserSpokenPreference', false, now(), (Select id from aartuser where username = 'cetesysadmin'), true, now(), (Select id from aartuser where username = 'cetesysadmin'), false);
INSERT INTO fieldspecification (fieldname, allowablevalues, minimum, maximum, fieldlength,rejectifempty, rejectifinvalid, formatregex, mappedname, showerror, createddate, createduser, activeflag, modifieddate, modifieduser, iskeyvaluepairfield)VALUES ('SigningType', NULL, NULL, NULL, 30, false, false, NULL, 'SigningType', false, now(), (Select id from aartuser where username = 'cetesysadmin'), true, now(), (Select id from aartuser where username = 'cetesysadmin'), false);
INSERT INTO fieldspecification (fieldname, allowablevalues, minimum, maximum, fieldlength,rejectifempty, rejectifinvalid, formatregex, mappedname, showerror, createddate, createduser, activeflag, modifieddate, modifieduser, iskeyvaluepairfield)VALUES ('usage', NULL, NULL, NULL, 30, false, false, NULL, 'usage', false, now(), (Select id from aartuser where username = 'cetesysadmin'), true, now(), (Select id from aartuser where username = 'cetesysadmin'), false);
INSERT INTO fieldspecification (fieldname, allowablevalues, minimum, maximum, fieldlength,rejectifempty, rejectifinvalid, formatregex, mappedname, showerror, createddate, createduser, activeflag, modifieddate, modifieduser, iskeyvaluepairfield)VALUES ('brailleGrade', NULL, NULL, NULL, 30, false, false, NULL, 'brailleGrade', false, now(), (Select id from aartuser where username = 'cetesysadmin'), true, now(), (Select id from aartuser where username = 'cetesysadmin'), false);
INSERT INTO fieldspecification (fieldname, allowablevalues, minimum, maximum, fieldlength,rejectifempty, rejectifinvalid, formatregex, mappedname, showerror, createddate, createduser, activeflag, modifieddate, modifieduser, iskeyvaluepairfield)VALUES ('numberOfBrailleDots', NULL, NULL, NULL, 30, false, false, NULL, 'numberOfBrailleDots', false, now(), (Select id from aartuser where username = 'cetesysadmin'), true, now(), (Select id from aartuser where username = 'cetesysadmin'), false);
INSERT INTO fieldspecification (fieldname, allowablevalues, minimum, maximum, fieldlength,rejectifempty, rejectifinvalid, formatregex, mappedname, showerror, createddate, createduser, activeflag, modifieddate, modifieduser, iskeyvaluepairfield)VALUES ('numberOfBrailleCells', NULL, NULL, NULL, 30, false, false, NULL, 'numberOfBrailleCells', false, now(), (Select id from aartuser where username = 'cetesysadmin'), true, now(), (Select id from aartuser where username = 'cetesysadmin'), false);
INSERT INTO fieldspecification (fieldname, allowablevalues, minimum, maximum, fieldlength,rejectifempty, rejectifinvalid, formatregex, mappedname, showerror, createddate, createduser, activeflag, modifieddate, modifieduser, iskeyvaluepairfield)VALUES ('brailleMark', NULL, NULL, NULL, 30, false, false, NULL, 'brailleMark', false, now(), (Select id from aartuser where username = 'cetesysadmin'), true, now(), (Select id from aartuser where username = 'cetesysadmin'), false);
INSERT INTO fieldspecification (fieldname, allowablevalues, minimum, maximum, fieldlength,rejectifempty, rejectifinvalid, formatregex, mappedname, showerror, createddate, createduser, activeflag, modifieddate, modifieduser, iskeyvaluepairfield)VALUES ('brailleDotPressure', NULL, NULL, NULL, 30, false, false, NULL, 'brailleDotPressure', false, now(), (Select id from aartuser where username = 'cetesysadmin'), true, now(), (Select id from aartuser where username = 'cetesysadmin'), false);
INSERT INTO fieldspecification (fieldname, allowablevalues, minimum, maximum, fieldlength,rejectifempty, rejectifinvalid, formatregex, mappedname, showerror, createddate, createduser, activeflag, modifieddate, modifieduser, iskeyvaluepairfield)VALUES ('brailleStatusCell', NULL, NULL, NULL, 30, false, false, NULL, 'brailleStatusCell', false, now(), (Select id from aartuser where username = 'cetesysadmin'), true, now(), (Select id from aartuser where username = 'cetesysadmin'), false);
INSERT INTO fieldspecification (fieldname, allowablevalues, minimum, maximum, fieldlength,rejectifempty, rejectifinvalid, formatregex, mappedname, showerror, createddate, createduser, activeflag, modifieddate, modifieduser, iskeyvaluepairfield)VALUES ('Language', NULL, NULL, NULL, 30, false, false, NULL, 'Language', false, now(), (Select id from aartuser where username = 'cetesysadmin'), true, now(), (Select id from aartuser where username = 'cetesysadmin'), false);
INSERT INTO fieldspecification (fieldname, allowablevalues, minimum, maximum, fieldlength,rejectifempty, rejectifinvalid, formatregex, mappedname, showerror, createddate, createduser, activeflag, modifieddate, modifieduser, iskeyvaluepairfield)VALUES ('MaskingType', NULL, NULL, NULL, 30, false, false, NULL, 'MaskingType', false, now(), (Select id from aartuser where username = 'cetesysadmin'), true, now(), (Select id from aartuser where username = 'cetesysadmin'), false);
INSERT INTO fieldspecification (fieldname, allowablevalues, minimum, maximum, fieldlength,rejectifempty, rejectifinvalid, formatregex, mappedname, showerror, createddate, createduser, activeflag, modifieddate, modifieduser, iskeyvaluepairfield)VALUES ('magnification', NULL, NULL, NULL, 30, false, false, NULL, 'magnification', false, now(), (Select id from aartuser where username = 'cetesysadmin'), true, now(), (Select id from aartuser where username = 'cetesysadmin'), false);
INSERT INTO fieldspecification (fieldname, allowablevalues, minimum, maximum, fieldlength,rejectifempty, rejectifinvalid, formatregex, mappedname, showerror, createddate, createduser, activeflag, modifieddate, modifieduser, iskeyvaluepairfield)VALUES ('invertColourChoice', NULL, NULL, NULL, 30, false, false, NULL, 'invertColourChoice', false, now(), (Select id from aartuser where username = 'cetesysadmin'), true, now(), (Select id from aartuser where username = 'cetesysadmin'), false);
INSERT INTO fieldspecification (fieldname, allowablevalues, minimum, maximum, fieldlength,rejectifempty, rejectifinvalid, formatregex, mappedname, showerror, createddate, createduser, activeflag, modifieddate, modifieduser, iskeyvaluepairfield)VALUES ('colour', NULL, NULL, NULL, 30, false, false, NULL, 'colour', false, now(), (Select id from aartuser where username = 'cetesysadmin'), true, now(), (Select id from aartuser where username = 'cetesysadmin'), false);
INSERT INTO fieldspecification (fieldname, allowablevalues, minimum, maximum, fieldlength,rejectifempty, rejectifinvalid, formatregex, mappedname, showerror, createddate, createduser, activeflag, modifieddate, modifieduser, iskeyvaluepairfield)VALUES ('TimeMultiplier', NULL, NULL, NULL, 30, false, false, NULL, 'TimeMultiplier', false, now(), (Select id from aartuser where username = 'cetesysadmin'), true, now(), (Select id from aartuser where username = 'cetesysadmin'), false);

INSERT INTO fieldspecificationsrecordtypes SELECT id,(Select id from category where categorycode='PERSONAL_NEEDS_PROFILE_RECORD_TYPE'), now(), (select id from aartuser where username='cetesysadmin'), true, now(), (select id from aartuser where username='cetesysadmin')FROM fieldspecification WHERE (fieldname,mappedname) in (('needLanguageType',  'needLanguageType'));
INSERT INTO fieldspecificationsrecordtypes SELECT id,(Select id from category where categorycode='PERSONAL_NEEDS_PROFILE_RECORD_TYPE'), now(), (select id from aartuser where username='cetesysadmin'), true, now(), (select id from aartuser where username='cetesysadmin')FROM fieldspecification WHERE (fieldname,mappedname) in (('assignedSupport',  'assignedSupport'));
INSERT INTO fieldspecificationsrecordtypes SELECT id,(Select id from category where categorycode='PERSONAL_NEEDS_PROFILE_RECORD_TYPE'), now(), (select id from aartuser where username='cetesysadmin'), true, now(), (select id from aartuser where username='cetesysadmin')FROM fieldspecification WHERE (fieldname,mappedname) in (('activateByDefault',  'activateByDefault'));
INSERT INTO fieldspecificationsrecordtypes SELECT id,(Select id from category where categorycode='PERSONAL_NEEDS_PROFILE_RECORD_TYPE'), now(), (select id from aartuser where username='cetesysadmin'), true, now(), (select id from aartuser where username='cetesysadmin')FROM fieldspecification WHERE (fieldname,mappedname) in (('SpokenSourcePreference ',  'SpokenSourcePreference '));
INSERT INTO fieldspecificationsrecordtypes SELECT id,(Select id from category where categorycode='PERSONAL_NEEDS_PROFILE_RECORD_TYPE'), now(), (select id from aartuser where username='cetesysadmin'), true, now(), (select id from aartuser where username='cetesysadmin')FROM fieldspecification WHERE (fieldname,mappedname) in (('ReadAtStartPreference',  'ReadAtStartPreference'));
INSERT INTO fieldspecificationsrecordtypes SELECT id,(Select id from category where categorycode='PERSONAL_NEEDS_PROFILE_RECORD_TYPE'), now(), (select id from aartuser where username='cetesysadmin'), true, now(), (select id from aartuser where username='cetesysadmin')FROM fieldspecification WHERE (fieldname,mappedname) in (('UserSpokenPreference',  'UserSpokenPreference'));
INSERT INTO fieldspecificationsrecordtypes SELECT id,(Select id from category where categorycode='PERSONAL_NEEDS_PROFILE_RECORD_TYPE'), now(), (select id from aartuser where username='cetesysadmin'), true, now(), (select id from aartuser where username='cetesysadmin')FROM fieldspecification WHERE (fieldname,mappedname) in (('SigningType',  'SigningType'));
INSERT INTO fieldspecificationsrecordtypes SELECT id,(Select id from category where categorycode='PERSONAL_NEEDS_PROFILE_RECORD_TYPE'), now(), (select id from aartuser where username='cetesysadmin'), true, now(), (select id from aartuser where username='cetesysadmin')FROM fieldspecification WHERE (fieldname,mappedname) in (('usage',  'usage'));
INSERT INTO fieldspecificationsrecordtypes SELECT id,(Select id from category where categorycode='PERSONAL_NEEDS_PROFILE_RECORD_TYPE'), now(), (select id from aartuser where username='cetesysadmin'), true, now(), (select id from aartuser where username='cetesysadmin')FROM fieldspecification WHERE (fieldname,mappedname) in (('brailleGrade',  'brailleGrade'));
INSERT INTO fieldspecificationsrecordtypes SELECT id,(Select id from category where categorycode='PERSONAL_NEEDS_PROFILE_RECORD_TYPE'), now(), (select id from aartuser where username='cetesysadmin'), true, now(), (select id from aartuser where username='cetesysadmin')FROM fieldspecification WHERE (fieldname,mappedname) in (('numberOfBrailleDots',  'numberOfBrailleDots'));
INSERT INTO fieldspecificationsrecordtypes SELECT id,(Select id from category where categorycode='PERSONAL_NEEDS_PROFILE_RECORD_TYPE'), now(), (select id from aartuser where username='cetesysadmin'), true, now(), (select id from aartuser where username='cetesysadmin')FROM fieldspecification WHERE (fieldname,mappedname) in (('numberOfBrailleCells',  'numberOfBrailleCells'));
INSERT INTO fieldspecificationsrecordtypes SELECT id,(Select id from category where categorycode='PERSONAL_NEEDS_PROFILE_RECORD_TYPE'), now(), (select id from aartuser where username='cetesysadmin'), true, now(), (select id from aartuser where username='cetesysadmin')FROM fieldspecification WHERE (fieldname,mappedname) in (('brailleMark',  'brailleMark'));
INSERT INTO fieldspecificationsrecordtypes SELECT id,(Select id from category where categorycode='PERSONAL_NEEDS_PROFILE_RECORD_TYPE'), now(), (select id from aartuser where username='cetesysadmin'), true, now(), (select id from aartuser where username='cetesysadmin')FROM fieldspecification WHERE (fieldname,mappedname) in (('brailleDotPressure',  'brailleDotPressure'));
INSERT INTO fieldspecificationsrecordtypes SELECT id,(Select id from category where categorycode='PERSONAL_NEEDS_PROFILE_RECORD_TYPE'), now(), (select id from aartuser where username='cetesysadmin'), true, now(), (select id from aartuser where username='cetesysadmin')FROM fieldspecification WHERE (fieldname,mappedname) in (('brailleStatusCell',  'brailleStatusCell'));
INSERT INTO fieldspecificationsrecordtypes SELECT id,(Select id from category where categorycode='PERSONAL_NEEDS_PROFILE_RECORD_TYPE'), now(), (select id from aartuser where username='cetesysadmin'), true, now(), (select id from aartuser where username='cetesysadmin')FROM fieldspecification WHERE (fieldname,mappedname) in (('Language',  'Language'));
INSERT INTO fieldspecificationsrecordtypes SELECT id,(Select id from category where categorycode='PERSONAL_NEEDS_PROFILE_RECORD_TYPE'), now(), (select id from aartuser where username='cetesysadmin'), true, now(), (select id from aartuser where username='cetesysadmin')FROM fieldspecification WHERE (fieldname,mappedname) in (('MaskingType',  'MaskingType'));
INSERT INTO fieldspecificationsrecordtypes SELECT id,(Select id from category where categorycode='PERSONAL_NEEDS_PROFILE_RECORD_TYPE'), now(), (select id from aartuser where username='cetesysadmin'), true, now(), (select id from aartuser where username='cetesysadmin')FROM fieldspecification WHERE (fieldname,mappedname) in (('magnification',  'magnification'));
INSERT INTO fieldspecificationsrecordtypes SELECT id,(Select id from category where categorycode='PERSONAL_NEEDS_PROFILE_RECORD_TYPE'), now(), (select id from aartuser where username='cetesysadmin'), true, now(), (select id from aartuser where username='cetesysadmin')FROM fieldspecification WHERE (fieldname,mappedname) in (('invertColourChoice',  'invertColourChoice'));
INSERT INTO fieldspecificationsrecordtypes SELECT id,(Select id from category where categorycode='PERSONAL_NEEDS_PROFILE_RECORD_TYPE'), now(), (select id from aartuser where username='cetesysadmin'), true, now(), (select id from aartuser where username='cetesysadmin')FROM fieldspecification WHERE (fieldname,mappedname) in (('colour',  'colour'));
INSERT INTO fieldspecificationsrecordtypes SELECT id,(Select id from category where categorycode='PERSONAL_NEEDS_PROFILE_RECORD_TYPE'), now(), (select id from aartuser where username='cetesysadmin'), true, now(), (select id from aartuser where username='cetesysadmin')FROM fieldspecification WHERE (fieldname,mappedname) in (('TimeMultiplier',  'TimeMultiplier'));


--CEDS

INSERT INTO fieldspecification (fieldname, allowablevalues, minimum, maximum, fieldlength,rejectifempty, rejectifinvalid, formatregex, mappedname, showerror, createddate, createduser, activeflag, modifieddate, modifieduser, iskeyvaluepairfield)VALUES ('AssessmentNeedLanguageType', NULL, NULL, NULL, 30, false, false, NULL, 'AssessmentNeedLanguageType', false, now(), (Select id from aartuser where username = 'cetesysadmin'), true, now(), (Select id from aartuser where username = 'cetesysadmin'), false);
INSERT INTO fieldspecification (fieldname, allowablevalues, minimum, maximum, fieldlength,rejectifempty, rejectifinvalid, formatregex, mappedname, showerror, createddate, createduser, activeflag, modifieddate, modifieduser, iskeyvaluepairfield)VALUES ('AssessmentNeedSpokenSourcePreferenceType', NULL, NULL, NULL, 30, false, false, NULL, 'AssessmentNeedSpokenSourcePreferenceType', false, now(), (Select id from aartuser where username = 'cetesysadmin'), true, now(), (Select id from aartuser where username = 'cetesysadmin'), false);
INSERT INTO fieldspecification (fieldname, allowablevalues, minimum, maximum, fieldlength,rejectifempty, rejectifinvalid, formatregex, mappedname, showerror, createddate, createduser, activeflag, modifieddate, modifieduser, iskeyvaluepairfield)VALUES ('AssessmentNeedReadAtStartPreference', NULL, NULL, NULL, 30, false, false, NULL, 'AssessmentNeedReadAtStartPreference', false, now(), (Select id from aartuser where username = 'cetesysadmin'), true, now(), (Select id from aartuser where username = 'cetesysadmin'), false);
INSERT INTO fieldspecification (fieldname, allowablevalues, minimum, maximum, fieldlength,rejectifempty, rejectifinvalid, formatregex, mappedname, showerror, createddate, createduser, activeflag, modifieddate, modifieduser, iskeyvaluepairfield)VALUES ('AssessmentNeedUserSpokenPreferenceType', NULL, NULL, NULL, 30, false, false, NULL, 'AssessmentNeedUserSpokenPreferenceType', false, now(), (Select id from aartuser where username = 'cetesysadmin'), true, now(), (Select id from aartuser where username = 'cetesysadmin'), false);
INSERT INTO fieldspecification (fieldname, allowablevalues, minimum, maximum, fieldlength,rejectifempty, rejectifinvalid, formatregex, mappedname, showerror, createddate, createduser, activeflag, modifieddate, modifieduser, iskeyvaluepairfield)VALUES ('AssessmentNeedSigningType', NULL, NULL, NULL, 30, false, false, NULL, 'AssessmentNeedSigningType', false, now(), (Select id from aartuser where username = 'cetesysadmin'), true, now(), (Select id from aartuser where username = 'cetesysadmin'), false);
INSERT INTO fieldspecification (fieldname, allowablevalues, minimum, maximum, fieldlength,rejectifempty, rejectifinvalid, formatregex, mappedname, showerror, createddate, createduser, activeflag, modifieddate, modifieduser, iskeyvaluepairfield)VALUES ('AssessmentNeedBrailleGradeType', NULL, NULL, NULL, 30, false, false, NULL, 'AssessmentNeedBrailleGradeType', false, now(), (Select id from aartuser where username = 'cetesysadmin'), true, now(), (Select id from aartuser where username = 'cetesysadmin'), false);
INSERT INTO fieldspecification (fieldname, allowablevalues, minimum, maximum, fieldlength,rejectifempty, rejectifinvalid, formatregex, mappedname, showerror, createddate, createduser, activeflag, modifieddate, modifieduser, iskeyvaluepairfield)VALUES ('AssessmentNeedNumberOfBrailleDotsType', NULL, NULL, NULL, 30, false, false, NULL, 'AssessmentNeedNumberOfBrailleDotsType', false, now(), (Select id from aartuser where username = 'cetesysadmin'), true, now(), (Select id from aartuser where username = 'cetesysadmin'), false);
INSERT INTO fieldspecification (fieldname, allowablevalues, minimum, maximum, fieldlength,rejectifempty, rejectifinvalid, formatregex, mappedname, showerror, createddate, createduser, activeflag, modifieddate, modifieduser, iskeyvaluepairfield)VALUES ('AssessmentNeedNumberOfBrailleCells', NULL, NULL, NULL, 30, false, false, NULL, 'AssessmentNeedNumberOfBrailleCells', false, now(), (Select id from aartuser where username = 'cetesysadmin'), true, now(), (Select id from aartuser where username = 'cetesysadmin'), false);
INSERT INTO fieldspecification (fieldname, allowablevalues, minimum, maximum, fieldlength,rejectifempty, rejectifinvalid, formatregex, mappedname, showerror, createddate, createduser, activeflag, modifieddate, modifieduser, iskeyvaluepairfield)VALUES ('AssessmentNeedBrailleMarkType', NULL, NULL, NULL, 30, false, false, NULL, 'AssessmentNeedBrailleMarkType', false, now(), (Select id from aartuser where username = 'cetesysadmin'), true, now(), (Select id from aartuser where username = 'cetesysadmin'), false);
INSERT INTO fieldspecification (fieldname, allowablevalues, minimum, maximum, fieldlength,rejectifempty, rejectifinvalid, formatregex, mappedname, showerror, createddate, createduser, activeflag, modifieddate, modifieduser, iskeyvaluepairfield)VALUES ('AssessmentNeedBrailleDotPressure', NULL, NULL, NULL, 30, false, false, NULL, 'AssessmentNeedBrailleDotPressure', false, now(), (Select id from aartuser where username = 'cetesysadmin'), true, now(), (Select id from aartuser where username = 'cetesysadmin'), false);
INSERT INTO fieldspecification (fieldname, allowablevalues, minimum, maximum, fieldlength,rejectifempty, rejectifinvalid, formatregex, mappedname, showerror, createddate, createduser, activeflag, modifieddate, modifieduser, iskeyvaluepairfield)VALUES ('AssessmentNeedBrailleStatusCellType', NULL, NULL, NULL, 30, false, false, NULL, 'AssessmentNeedBrailleStatusCellType', false, now(), (Select id from aartuser where username = 'cetesysadmin'), true, now(), (Select id from aartuser where username = 'cetesysadmin'), false);
INSERT INTO fieldspecification (fieldname, allowablevalues, minimum, maximum, fieldlength,rejectifempty, rejectifinvalid, formatregex, mappedname, showerror, createddate, createduser, activeflag, modifieddate, modifieduser, iskeyvaluepairfield)VALUES ('AssessmentNeedKeywordTranslationLanguageType', NULL, NULL, NULL, 30, false, false, NULL, 'AssessmentNeedKeywordTranslationLanguageType', false, now(), (Select id from aartuser where username = 'cetesysadmin'), true, now(), (Select id from aartuser where username = 'cetesysadmin'), false);
INSERT INTO fieldspecification (fieldname, allowablevalues, minimum, maximum, fieldlength,rejectifempty, rejectifinvalid, formatregex, mappedname, showerror, createddate, createduser, activeflag, modifieddate, modifieduser, iskeyvaluepairfield)VALUES ('AssessmentNeedMaskingType', NULL, NULL, NULL, 30, false, false, NULL, 'AssessmentNeedMaskingType', false, now(), (Select id from aartuser where username = 'cetesysadmin'), true, now(), (Select id from aartuser where username = 'cetesysadmin'), false);
INSERT INTO fieldspecification (fieldname, allowablevalues, minimum, maximum, fieldlength,rejectifempty, rejectifinvalid, formatregex, mappedname, showerror, createddate, createduser, activeflag, modifieddate, modifieduser, iskeyvaluepairfield)VALUES ('AssessmentNeedMagnification', NULL, NULL, NULL, 30, false, false, NULL, 'AssessmentNeedMagnification', false, now(), (Select id from aartuser where username = 'cetesysadmin'), true, now(), (Select id from aartuser where username = 'cetesysadmin'), false);
INSERT INTO fieldspecification (fieldname, allowablevalues, minimum, maximum, fieldlength,rejectifempty, rejectifinvalid, formatregex, mappedname, showerror, createddate, createduser, activeflag, modifieddate, modifieduser, iskeyvaluepairfield)VALUES ('AssessmentNeedInvertColorChoice', NULL, NULL, NULL, 30, false, false, NULL, 'AssessmentNeedInvertColorChoice', false, now(), (Select id from aartuser where username = 'cetesysadmin'), true, now(), (Select id from aartuser where username = 'cetesysadmin'), false);
INSERT INTO fieldspecification (fieldname, allowablevalues, minimum, maximum, fieldlength,rejectifempty, rejectifinvalid, formatregex, mappedname, showerror, createddate, createduser, activeflag, modifieddate, modifieduser, iskeyvaluepairfield)VALUES ('AssessmentNeedOverlayColor', NULL, NULL, NULL, 30, false, false, NULL, 'AssessmentNeedOverlayColor', false, now(), (Select id from aartuser where username = 'cetesysadmin'), true, now(), (Select id from aartuser where username = 'cetesysadmin'), false);
INSERT INTO fieldspecification (fieldname, allowablevalues, minimum, maximum, fieldlength,rejectifempty, rejectifinvalid, formatregex, mappedname, showerror, createddate, createduser, activeflag, modifieddate, modifieduser, iskeyvaluepairfield)VALUES ('AssessmentNeedBackgroundColor', NULL, NULL, NULL, 30, false, false, NULL, 'AssessmentNeedBackgroundColor', false, now(), (Select id from aartuser where username = 'cetesysadmin'), true, now(), (Select id from aartuser where username = 'cetesysadmin'), false);
INSERT INTO fieldspecification (fieldname, allowablevalues, minimum, maximum, fieldlength,rejectifempty, rejectifinvalid, formatregex, mappedname, showerror, createddate, createduser, activeflag, modifieddate, modifieduser, iskeyvaluepairfield)VALUES ('AssessmentNeedForegroundColor', NULL, NULL, NULL, 30, false, false, NULL, 'AssessmentNeedForegroundColor', false, now(), (Select id from aartuser where username = 'cetesysadmin'), true, now(), (Select id from aartuser where username = 'cetesysadmin'), false);
INSERT INTO fieldspecification (fieldname, allowablevalues, minimum, maximum, fieldlength,rejectifempty, rejectifinvalid, formatregex, mappedname, showerror, createddate, createduser, activeflag, modifieddate, modifieduser, iskeyvaluepairfield)VALUES ('AssessmentNeedTimeMultiplier', NULL, NULL, NULL, 30, false, false, NULL, 'AssessmentNeedTimeMultiplier', false, now(), (Select id from aartuser where username = 'cetesysadmin'), true, now(), (Select id from aartuser where username = 'cetesysadmin'), false);


INSERT INTO fieldspecificationsrecordtypes SELECT id,(Select id from category where categorycode='PERSONAL_NEEDS_PROFILE_RECORD_TYPE'), now(), (select id from aartuser where username='cetesysadmin'), true, now(), (select id from aartuser where username='cetesysadmin')FROM fieldspecification WHERE (fieldname,mappedname) in (('AssessmentNeedLanguageType',  'AssessmentNeedLanguageType'));
INSERT INTO fieldspecificationsrecordtypes SELECT id,(Select id from category where categorycode='PERSONAL_NEEDS_PROFILE_RECORD_TYPE'), now(), (select id from aartuser where username='cetesysadmin'), true, now(), (select id from aartuser where username='cetesysadmin')FROM fieldspecification WHERE (fieldname,mappedname) in (('AssessmentNeedSpokenSourcePreferenceType',  'AssessmentNeedSpokenSourcePreferenceType'));
INSERT INTO fieldspecificationsrecordtypes SELECT id,(Select id from category where categorycode='PERSONAL_NEEDS_PROFILE_RECORD_TYPE'), now(), (select id from aartuser where username='cetesysadmin'), true, now(), (select id from aartuser where username='cetesysadmin')FROM fieldspecification WHERE (fieldname,mappedname) in (('AssessmentNeedReadAtStartPreference',  'AssessmentNeedReadAtStartPreference'));
INSERT INTO fieldspecificationsrecordtypes SELECT id,(Select id from category where categorycode='PERSONAL_NEEDS_PROFILE_RECORD_TYPE'), now(), (select id from aartuser where username='cetesysadmin'), true, now(), (select id from aartuser where username='cetesysadmin')FROM fieldspecification WHERE (fieldname,mappedname) in (('AssessmentNeedUserSpokenPreferenceType',  'AssessmentNeedUserSpokenPreferenceType'));
INSERT INTO fieldspecificationsrecordtypes SELECT id,(Select id from category where categorycode='PERSONAL_NEEDS_PROFILE_RECORD_TYPE'), now(), (select id from aartuser where username='cetesysadmin'), true, now(), (select id from aartuser where username='cetesysadmin')FROM fieldspecification WHERE (fieldname,mappedname) in (('AssessmentNeedSigningType',  'AssessmentNeedSigningType'));
INSERT INTO fieldspecificationsrecordtypes SELECT id,(Select id from category where categorycode='PERSONAL_NEEDS_PROFILE_RECORD_TYPE'), now(), (select id from aartuser where username='cetesysadmin'), true, now(), (select id from aartuser where username='cetesysadmin')FROM fieldspecification WHERE (fieldname,mappedname) in (('AssessmentNeedBrailleGradeType',  'AssessmentNeedBrailleGradeType'));
INSERT INTO fieldspecificationsrecordtypes SELECT id,(Select id from category where categorycode='PERSONAL_NEEDS_PROFILE_RECORD_TYPE'), now(), (select id from aartuser where username='cetesysadmin'), true, now(), (select id from aartuser where username='cetesysadmin')FROM fieldspecification WHERE (fieldname,mappedname) in (('AssessmentNeedNumberOfBrailleDotsType',  'AssessmentNeedNumberOfBrailleDotsType'));
INSERT INTO fieldspecificationsrecordtypes SELECT id,(Select id from category where categorycode='PERSONAL_NEEDS_PROFILE_RECORD_TYPE'), now(), (select id from aartuser where username='cetesysadmin'), true, now(), (select id from aartuser where username='cetesysadmin')FROM fieldspecification WHERE (fieldname,mappedname) in (('AssessmentNeedNumberOfBrailleCells',  'AssessmentNeedNumberOfBrailleCells'));
INSERT INTO fieldspecificationsrecordtypes SELECT id,(Select id from category where categorycode='PERSONAL_NEEDS_PROFILE_RECORD_TYPE'), now(), (select id from aartuser where username='cetesysadmin'), true, now(), (select id from aartuser where username='cetesysadmin')FROM fieldspecification WHERE (fieldname,mappedname) in (('AssessmentNeedBrailleMarkType',  'AssessmentNeedBrailleMarkType'));
INSERT INTO fieldspecificationsrecordtypes SELECT id,(Select id from category where categorycode='PERSONAL_NEEDS_PROFILE_RECORD_TYPE'), now(), (select id from aartuser where username='cetesysadmin'), true, now(), (select id from aartuser where username='cetesysadmin')FROM fieldspecification WHERE (fieldname,mappedname) in (('AssessmentNeedBrailleDotPressure',  'AssessmentNeedBrailleDotPressure'));
INSERT INTO fieldspecificationsrecordtypes SELECT id,(Select id from category where categorycode='PERSONAL_NEEDS_PROFILE_RECORD_TYPE'), now(), (select id from aartuser where username='cetesysadmin'), true, now(), (select id from aartuser where username='cetesysadmin')FROM fieldspecification WHERE (fieldname,mappedname) in (('AssessmentNeedBrailleStatusCellType',  'AssessmentNeedBrailleStatusCellType'));
INSERT INTO fieldspecificationsrecordtypes SELECT id,(Select id from category where categorycode='PERSONAL_NEEDS_PROFILE_RECORD_TYPE'), now(), (select id from aartuser where username='cetesysadmin'), true, now(), (select id from aartuser where username='cetesysadmin')FROM fieldspecification WHERE (fieldname,mappedname) in (('AssessmentNeedKeywordTranslationLanguageType',  'AssessmentNeedKeywordTranslationLanguageType'));
INSERT INTO fieldspecificationsrecordtypes SELECT id,(Select id from category where categorycode='PERSONAL_NEEDS_PROFILE_RECORD_TYPE'), now(), (select id from aartuser where username='cetesysadmin'), true, now(), (select id from aartuser where username='cetesysadmin')FROM fieldspecification WHERE (fieldname,mappedname) in (('AssessmentNeedMaskingType',  'AssessmentNeedMaskingType'));
INSERT INTO fieldspecificationsrecordtypes SELECT id,(Select id from category where categorycode='PERSONAL_NEEDS_PROFILE_RECORD_TYPE'), now(), (select id from aartuser where username='cetesysadmin'), true, now(), (select id from aartuser where username='cetesysadmin')FROM fieldspecification WHERE (fieldname,mappedname) in (('AssessmentNeedMagnification',  'AssessmentNeedMagnification'));
INSERT INTO fieldspecificationsrecordtypes SELECT id,(Select id from category where categorycode='PERSONAL_NEEDS_PROFILE_RECORD_TYPE'), now(), (select id from aartuser where username='cetesysadmin'), true, now(), (select id from aartuser where username='cetesysadmin')FROM fieldspecification WHERE (fieldname,mappedname) in (('AssessmentNeedInvertColorChoice',  'AssessmentNeedInvertColorChoice'));
INSERT INTO fieldspecificationsrecordtypes SELECT id,(Select id from category where categorycode='PERSONAL_NEEDS_PROFILE_RECORD_TYPE'), now(), (select id from aartuser where username='cetesysadmin'), true, now(), (select id from aartuser where username='cetesysadmin')FROM fieldspecification WHERE (fieldname,mappedname) in (('AssessmentNeedOverlayColor',  'AssessmentNeedOverlayColor'));
INSERT INTO fieldspecificationsrecordtypes SELECT id,(Select id from category where categorycode='PERSONAL_NEEDS_PROFILE_RECORD_TYPE'), now(), (select id from aartuser where username='cetesysadmin'), true, now(), (select id from aartuser where username='cetesysadmin')FROM fieldspecification WHERE (fieldname,mappedname) in (('AssessmentNeedBackgroundColor',  'AssessmentNeedBackgroundColor'));
INSERT INTO fieldspecificationsrecordtypes SELECT id,(Select id from category where categorycode='PERSONAL_NEEDS_PROFILE_RECORD_TYPE'), now(), (select id from aartuser where username='cetesysadmin'), true, now(), (select id from aartuser where username='cetesysadmin')FROM fieldspecification WHERE (fieldname,mappedname) in (('AssessmentNeedForegroundColor',  'AssessmentNeedForegroundColor'));
INSERT INTO fieldspecificationsrecordtypes SELECT id,(Select id from category where categorycode='PERSONAL_NEEDS_PROFILE_RECORD_TYPE'), now(), (select id from aartuser where username='cetesysadmin'), true, now(), (select id from aartuser where username='cetesysadmin')FROM fieldspecification WHERE (fieldname,mappedname) in (('AssessmentNeedTimeMultiplier',  'AssessmentNeedTimeMultiplier'));


--SIF

--INSERT INTO fieldspecification (fieldname, allowablevalues, minimum, maximum, fieldlength, rejectifempty, rejectifinvalid, formatregex, mappedname, showerror, createddate, createduser, activeflag, modifieddate, modifieduser, iskeyvaluepairfield)VALUES ('needLanguageType', NULL, NULL, NULL, 30, false, false, NULL, 'needLanguageType', false, now(), (Select id from aartuser where username = 'cetesysadmin'), true, now(), (Select id from aartuser where username = 'cetesysadmin'), false);
INSERT INTO fieldspecification (fieldname, allowablevalues, minimum, maximum, fieldlength, rejectifempty, rejectifinvalid, formatregex, mappedname, showerror, createddate, createduser, activeflag, modifieddate, modifieduser, iskeyvaluepairfield)VALUES ('needSpokenSourcePreferenceType', NULL, NULL, NULL, 30, false, false, NULL, 'needSpokenSourcePreferenceType', false, now(), (Select id from aartuser where username = 'cetesysadmin'), true, now(), (Select id from aartuser where username = 'cetesysadmin'), false);
INSERT INTO fieldspecification (fieldname, allowablevalues, minimum, maximum, fieldlength, rejectifempty, rejectifinvalid, formatregex, mappedname, showerror, createddate, createduser, activeflag, modifieddate, modifieduser, iskeyvaluepairfield)VALUES ('needReadAtStartPreference', NULL, NULL, NULL, 30, false, false, NULL, 'needReadAtStartPreference', false, now(), (Select id from aartuser where username = 'cetesysadmin'), true, now(), (Select id from aartuser where username = 'cetesysadmin'), false);
INSERT INTO fieldspecification (fieldname, allowablevalues, minimum, maximum, fieldlength, rejectifempty, rejectifinvalid, formatregex, mappedname, showerror, createddate, createduser, activeflag, modifieddate, modifieduser, iskeyvaluepairfield)VALUES ('needUserSpokenPreferenceType', NULL, NULL, NULL, 30, false, false, NULL, 'needUserSpokenPreferenceType', false, now(), (Select id from aartuser where username = 'cetesysadmin'), true, now(), (Select id from aartuser where username = 'cetesysadmin'), false);
INSERT INTO fieldspecification (fieldname, allowablevalues, minimum, maximum, fieldlength, rejectifempty, rejectifinvalid, formatregex, mappedname, showerror, createddate, createduser, activeflag, modifieddate, modifieduser, iskeyvaluepairfield)VALUES ('needSigningType', NULL, NULL, NULL, 30, false, false, NULL, 'needSigningType', false, now(), (Select id from aartuser where username = 'cetesysadmin'), true, now(), (Select id from aartuser where username = 'cetesysadmin'), false);
--INSERT INTO fieldspecification (fieldname, allowablevalues, minimum, maximum, fieldlength, rejectifempty, rejectifinvalid, formatregex, mappedname, showerror, createddate, createduser, activeflag, modifieddate, modifieduser, iskeyvaluepairfield)VALUES ('AssessmentNeedBrailleGradeType', NULL, NULL, NULL, 30, false, false, NULL, 'AssessmentNeedBrailleGradeType', false, now(), (Select id from aartuser where username = 'cetesysadmin'), true, now(), (Select id from aartuser where username = 'cetesysadmin'), false);
--INSERT INTO fieldspecification (fieldname, allowablevalues, minimum, maximum, fieldlength, rejectifempty, rejectifinvalid, formatregex, mappedname, showerror, createddate, createduser, activeflag, modifieddate, modifieduser, iskeyvaluepairfield)VALUES ('AssessmentNeedNumberOfBrailleDotsType', NULL, NULL, NULL, 30, false, false, NULL, 'AssessmentNeedNumberOfBrailleDotsType', false, now(), (Select id from aartuser where username = 'cetesysadmin'), true, now(), (Select id from aartuser where username = 'cetesysadmin'), false);
--INSERT INTO fieldspecification (fieldname, allowablevalues, minimum, maximum, fieldlength, rejectifempty, rejectifinvalid, formatregex, mappedname, showerror, createddate, createduser, activeflag, modifieddate, modifieduser, iskeyvaluepairfield)VALUES ('AssessmentNeedNumberOfBrailleCells', NULL, NULL, NULL, 30, false, false, NULL, 'AssessmentNeedNumberOfBrailleCells', false, now(), (Select id from aartuser where username = 'cetesysadmin'), true, now(), (Select id from aartuser where username = 'cetesysadmin'), false);
--INSERT INTO fieldspecification (fieldname, allowablevalues, minimum, maximum, fieldlength, rejectifempty, rejectifinvalid, formatregex, mappedname, showerror, createddate, createduser, activeflag, modifieddate, modifieduser, iskeyvaluepairfield)VALUES ('AssessmentNeedBrailleMarkType', NULL, NULL, NULL, 30, false, false, NULL, 'AssessmentNeedBrailleMarkType', false, now(), (Select id from aartuser where username = 'cetesysadmin'), true, now(), (Select id from aartuser where username = 'cetesysadmin'), false);
--INSERT INTO fieldspecification (fieldname, allowablevalues, minimum, maximum, fieldlength, rejectifempty, rejectifinvalid, formatregex, mappedname, showerror, createddate, createduser, activeflag, modifieddate, modifieduser, iskeyvaluepairfield)VALUES ('AssessmentNeedBrailleDotPressure', NULL, NULL, NULL, 30, false, false, NULL, 'AssessmentNeedBrailleDotPressure', false, now(), (Select id from aartuser where username = 'cetesysadmin'), true, now(), (Select id from aartuser where username = 'cetesysadmin'), false);
--INSERT INTO fieldspecification (fieldname, allowablevalues, minimum, maximum, fieldlength, rejectifempty, rejectifinvalid, formatregex, mappedname, showerror, createddate, createduser, activeflag, modifieddate, modifieduser, iskeyvaluepairfield)VALUES ('AssessmentNeedBrailleStatusCellType', NULL, NULL, NULL, 30, false, false, NULL, 'AssessmentNeedBrailleStatusCellType', false, now(), (Select id from aartuser where username = 'cetesysadmin'), true, now(), (Select id from aartuser where username = 'cetesysadmin'), false);
INSERT INTO fieldspecification (fieldname, allowablevalues, minimum, maximum, fieldlength, rejectifempty, rejectifinvalid, formatregex, mappedname, showerror, createddate, createduser, activeflag, modifieddate, modifieduser, iskeyvaluepairfield)VALUES ('needItemTranslationDisplayLanguageType', NULL, NULL, NULL, 30, false, false, NULL, 'needItemTranslationDisplayLanguageType', false, now(), (Select id from aartuser where username = 'cetesysadmin'), true, now(), (Select id from aartuser where username = 'cetesysadmin'), false);
INSERT INTO fieldspecification (fieldname, allowablevalues, minimum, maximum, fieldlength, rejectifempty, rejectifinvalid, formatregex, mappedname, showerror, createddate, createduser, activeflag, modifieddate, modifieduser, iskeyvaluepairfield)VALUES ('needMaskingType', NULL, NULL, NULL, 30, false, false, NULL, 'needMaskingType', false, now(), (Select id from aartuser where username = 'cetesysadmin'), true, now(), (Select id from aartuser where username = 'cetesysadmin'), false);
INSERT INTO fieldspecification (fieldname, allowablevalues, minimum, maximum, fieldlength, rejectifempty, rejectifinvalid, formatregex, mappedname, showerror, createddate, createduser, activeflag, modifieddate, modifieduser, iskeyvaluepairfield)VALUES ('needInvertColorChoice', NULL, NULL, NULL, 30, false, false, NULL, 'needInvertColorChoice', false, now(), (Select id from aartuser where username = 'cetesysadmin'), true, now(), (Select id from aartuser where username = 'cetesysadmin'), false);
INSERT INTO fieldspecification (fieldname, allowablevalues, minimum, maximum, fieldlength, rejectifempty, rejectifinvalid, formatregex, mappedname, showerror, createddate, createduser, activeflag, modifieddate, modifieduser, iskeyvaluepairfield)VALUES ('needOverlayColor', NULL, NULL, NULL, 30, false, false, NULL, 'needOverlayColor', false, now(), (Select id from aartuser where username = 'cetesysadmin'), true, now(), (Select id from aartuser where username = 'cetesysadmin'), false);
INSERT INTO fieldspecification (fieldname, allowablevalues, minimum, maximum, fieldlength, rejectifempty, rejectifinvalid, formatregex, mappedname, showerror, createddate, createduser, activeflag, modifieddate, modifieduser, iskeyvaluepairfield)VALUES ('needBackgroundColor', NULL, NULL, NULL, 30, false, false, NULL, 'needBackgroundColor', false, now(), (Select id from aartuser where username = 'cetesysadmin'), true, now(), (Select id from aartuser where username = 'cetesysadmin'), false);
INSERT INTO fieldspecification (fieldname, allowablevalues, minimum, maximum, fieldlength, rejectifempty, rejectifinvalid, formatregex, mappedname, showerror, createddate, createduser, activeflag, modifieddate, modifieduser, iskeyvaluepairfield)VALUES ('needForegroundColor', NULL, NULL, NULL, 30, false, false, NULL, 'needForegroundColor', false, now(), (Select id from aartuser where username = 'cetesysadmin'), true, now(), (Select id from aartuser where username = 'cetesysadmin'), false);
INSERT INTO fieldspecification (fieldname, allowablevalues, minimum, maximum, fieldlength, rejectifempty, rejectifinvalid, formatregex, mappedname, showerror, createddate, createduser, activeflag, modifieddate, modifieduser, iskeyvaluepairfield)VALUES ('needTimeMultiplier', NULL, NULL, NULL, 30, false, false, NULL, 'needTimeMultiplier', false, now(), (Select id from aartuser where username = 'cetesysadmin'), true, now(), (Select id from aartuser where username = 'cetesysadmin'), false);


--INSERT INTO fieldspecificationsrecordtypes SELECT id,(Select id from category where categorycode='PERSONAL_NEEDS_PROFILE_RECORD_TYPE'), now(), (select id from aartuser where username='cetesysadmin'), true, now(), (select id from aartuser where username='cetesysadmin')FROM fieldspecification WHERE (fieldname,mappedname) in (('needLanguageType',  'needLanguageType'));
INSERT INTO fieldspecificationsrecordtypes SELECT id,(Select id from category where categorycode='PERSONAL_NEEDS_PROFILE_RECORD_TYPE'), now(), (select id from aartuser where username='cetesysadmin'), true, now(), (select id from aartuser where username='cetesysadmin')FROM fieldspecification WHERE (fieldname,mappedname) in (('needSpokenSourcePreferenceType',  'needSpokenSourcePreferenceType'));
INSERT INTO fieldspecificationsrecordtypes SELECT id,(Select id from category where categorycode='PERSONAL_NEEDS_PROFILE_RECORD_TYPE'), now(), (select id from aartuser where username='cetesysadmin'), true, now(), (select id from aartuser where username='cetesysadmin')FROM fieldspecification WHERE (fieldname,mappedname) in (('needReadAtStartPreference',  'needReadAtStartPreference'));
INSERT INTO fieldspecificationsrecordtypes SELECT id,(Select id from category where categorycode='PERSONAL_NEEDS_PROFILE_RECORD_TYPE'), now(), (select id from aartuser where username='cetesysadmin'), true, now(), (select id from aartuser where username='cetesysadmin')FROM fieldspecification WHERE (fieldname,mappedname) in (('needUserSpokenPreferenceType',  'needUserSpokenPreferenceType'));
INSERT INTO fieldspecificationsrecordtypes SELECT id,(Select id from category where categorycode='PERSONAL_NEEDS_PROFILE_RECORD_TYPE'), now(), (select id from aartuser where username='cetesysadmin'), true, now(), (select id from aartuser where username='cetesysadmin')FROM fieldspecification WHERE (fieldname,mappedname) in (('needSigningType',  'needSigningType'));
--INSERT INTO fieldspecificationsrecordtypes SELECT id,(Select id from category where categorycode='PERSONAL_NEEDS_PROFILE_RECORD_TYPE'), now(), (select id from aartuser where username='cetesysadmin'), true, now(), (select id from aartuser where username='cetesysadmin')FROM fieldspecification WHERE (fieldname,mappedname) in (('AssessmentNeedBrailleGradeType',  'AssessmentNeedBrailleGradeType'));
--INSERT INTO fieldspecificationsrecordtypes SELECT id,(Select id from category where categorycode='PERSONAL_NEEDS_PROFILE_RECORD_TYPE'), now(), (select id from aartuser where username='cetesysadmin'), true, now(), (select id from aartuser where username='cetesysadmin')FROM fieldspecification WHERE (fieldname,mappedname) in (('AssessmentNeedNumberOfBrailleDotsType',  'AssessmentNeedNumberOfBrailleDotsType'));
--INSERT INTO fieldspecificationsrecordtypes SELECT id,(Select id from category where categorycode='PERSONAL_NEEDS_PROFILE_RECORD_TYPE'), now(), (select id from aartuser where username='cetesysadmin'), true, now(), (select id from aartuser where username='cetesysadmin')FROM fieldspecification WHERE (fieldname,mappedname) in (('AssessmentNeedNumberOfBrailleCells',  'AssessmentNeedNumberOfBrailleCells'));
--INSERT INTO fieldspecificationsrecordtypes SELECT id,(Select id from category where categorycode='PERSONAL_NEEDS_PROFILE_RECORD_TYPE'), now(), (select id from aartuser where username='cetesysadmin'), true, now(), (select id from aartuser where username='cetesysadmin')FROM fieldspecification WHERE (fieldname,mappedname) in (('AssessmentNeedBrailleMarkType',  'AssessmentNeedBrailleMarkType'));
--INSERT INTO fieldspecificationsrecordtypes SELECT id,(Select id from category where categorycode='PERSONAL_NEEDS_PROFILE_RECORD_TYPE'), now(), (select id from aartuser where username='cetesysadmin'), true, now(), (select id from aartuser where username='cetesysadmin')FROM fieldspecification WHERE (fieldname,mappedname) in (('AssessmentNeedBrailleDotPressure',  'AssessmentNeedBrailleDotPressure'));
--INSERT INTO fieldspecificationsrecordtypes SELECT id,(Select id from category where categorycode='PERSONAL_NEEDS_PROFILE_RECORD_TYPE'), now(), (select id from aartuser where username='cetesysadmin'), true, now(), (select id from aartuser where username='cetesysadmin')FROM fieldspecification WHERE (fieldname,mappedname) in (('AssessmentNeedBrailleStatusCellType',  'AssessmentNeedBrailleStatusCellType'));
INSERT INTO fieldspecificationsrecordtypes SELECT id,(Select id from category where categorycode='PERSONAL_NEEDS_PROFILE_RECORD_TYPE'), now(), (select id from aartuser where username='cetesysadmin'), true, now(), (select id from aartuser where username='cetesysadmin')FROM fieldspecification WHERE (fieldname,mappedname) in (('needItemTranslationDisplayLanguageType',  'needItemTranslationDisplayLanguageType'));
INSERT INTO fieldspecificationsrecordtypes SELECT id,(Select id from category where categorycode='PERSONAL_NEEDS_PROFILE_RECORD_TYPE'), now(), (select id from aartuser where username='cetesysadmin'), true, now(), (select id from aartuser where username='cetesysadmin')FROM fieldspecification WHERE (fieldname,mappedname) in (('needMaskingType',  'needMaskingType'));
INSERT INTO fieldspecificationsrecordtypes SELECT id,(Select id from category where categorycode='PERSONAL_NEEDS_PROFILE_RECORD_TYPE'), now(), (select id from aartuser where username='cetesysadmin'), true, now(), (select id from aartuser where username='cetesysadmin')FROM fieldspecification WHERE (fieldname,mappedname) in (('needInvertColorChoice',  'needInvertColorChoice'));
INSERT INTO fieldspecificationsrecordtypes SELECT id,(Select id from category where categorycode='PERSONAL_NEEDS_PROFILE_RECORD_TYPE'), now(), (select id from aartuser where username='cetesysadmin'), true, now(), (select id from aartuser where username='cetesysadmin')FROM fieldspecification WHERE (fieldname,mappedname) in (('needOverlayColor',  'needOverlayColor'));
INSERT INTO fieldspecificationsrecordtypes SELECT id,(Select id from category where categorycode='PERSONAL_NEEDS_PROFILE_RECORD_TYPE'), now(), (select id from aartuser where username='cetesysadmin'), true, now(), (select id from aartuser where username='cetesysadmin')FROM fieldspecification WHERE (fieldname,mappedname) in (('needBackgroundColor',  'needBackgroundColor'));
INSERT INTO fieldspecificationsrecordtypes SELECT id,(Select id from category where categorycode='PERSONAL_NEEDS_PROFILE_RECORD_TYPE'), now(), (select id from aartuser where username='cetesysadmin'), true, now(), (select id from aartuser where username='cetesysadmin')FROM fieldspecification WHERE (fieldname,mappedname) in (('needForegroundColor',  'needForegroundColor'));
INSERT INTO fieldspecificationsrecordtypes SELECT id,(Select id from category where categorycode='PERSONAL_NEEDS_PROFILE_RECORD_TYPE'), now(), (select id from aartuser where username='cetesysadmin'), true, now(), (select id from aartuser where username='cetesysadmin')FROM fieldspecification WHERE (fieldname,mappedname) in (('needTimeMultiplier',  'needTimeMultiplier'));


DELETE FROM studentprofileitemattributevalue;

DELETE FROM profileitemattributecontainer;

DELETE FROM profileitemattribute;


--APIP - profileitemattribute, profileitemattributecontainer

INSERT INTO profileitemattribute (attributename,createddate,createduser,activeflag,modifieddate,modifieduser) VALUES ('needLanguageType', now(), (select id from aartuser where username='cetesysadmin'), true, now(),(select id from aartuser where username='cetesysadmin'));
INSERT INTO profileitemattribute (attributename,createddate,createduser,activeflag,modifieddate,modifieduser) VALUES ('assignedSupport', now(), (select id from aartuser where username='cetesysadmin'), true, now(),(select id from aartuser where username='cetesysadmin'));
INSERT INTO profileitemattribute (attributename,createddate,createduser,activeflag,modifieddate,modifieduser) VALUES ('activateByDefault', now(), (select id from aartuser where username='cetesysadmin'), true, now(),(select id from aartuser where username='cetesysadmin'));
INSERT INTO profileitemattribute (attributename,createddate,createduser,activeflag,modifieddate,modifieduser) VALUES ('SpokenSourcePreference ', now(), (select id from aartuser where username='cetesysadmin'), true, now(),(select id from aartuser where username='cetesysadmin'));
INSERT INTO profileitemattribute (attributename,createddate,createduser,activeflag,modifieddate,modifieduser) VALUES ('ReadAtStartPreference', now(), (select id from aartuser where username='cetesysadmin'), true, now(),(select id from aartuser where username='cetesysadmin'));
INSERT INTO profileitemattribute (attributename,createddate,createduser,activeflag,modifieddate,modifieduser) VALUES ('UserSpokenPreference', now(), (select id from aartuser where username='cetesysadmin'), true, now(),(select id from aartuser where username='cetesysadmin'));
INSERT INTO profileitemattribute (attributename,createddate,createduser,activeflag,modifieddate,modifieduser) VALUES ('SigningType', now(), (select id from aartuser where username='cetesysadmin'), true, now(),(select id from aartuser where username='cetesysadmin'));
INSERT INTO profileitemattribute (attributename,createddate,createduser,activeflag,modifieddate,modifieduser) VALUES ('usage', now(), (select id from aartuser where username='cetesysadmin'), true, now(),(select id from aartuser where username='cetesysadmin'));
INSERT INTO profileitemattribute (attributename,createddate,createduser,activeflag,modifieddate,modifieduser) VALUES ('brailleGrade', now(), (select id from aartuser where username='cetesysadmin'), true, now(),(select id from aartuser where username='cetesysadmin'));
INSERT INTO profileitemattribute (attributename,createddate,createduser,activeflag,modifieddate,modifieduser) VALUES ('numberOfBrailleDots', now(), (select id from aartuser where username='cetesysadmin'), true, now(),(select id from aartuser where username='cetesysadmin'));
INSERT INTO profileitemattribute (attributename,createddate,createduser,activeflag,modifieddate,modifieduser) VALUES ('numberOfBrailleCells', now(), (select id from aartuser where username='cetesysadmin'), true, now(),(select id from aartuser where username='cetesysadmin'));
INSERT INTO profileitemattribute (attributename,createddate,createduser,activeflag,modifieddate,modifieduser) VALUES ('brailleMark', now(), (select id from aartuser where username='cetesysadmin'), true, now(),(select id from aartuser where username='cetesysadmin'));
INSERT INTO profileitemattribute (attributename,createddate,createduser,activeflag,modifieddate,modifieduser) VALUES ('brailleDotPressure', now(), (select id from aartuser where username='cetesysadmin'), true, now(),(select id from aartuser where username='cetesysadmin'));
INSERT INTO profileitemattribute (attributename,createddate,createduser,activeflag,modifieddate,modifieduser) VALUES ('brailleStatusCell', now(), (select id from aartuser where username='cetesysadmin'), true, now(),(select id from aartuser where username='cetesysadmin'));
INSERT INTO profileitemattribute (attributename,createddate,createduser,activeflag,modifieddate,modifieduser) VALUES ('Language', now(), (select id from aartuser where username='cetesysadmin'), true, now(),(select id from aartuser where username='cetesysadmin'));
INSERT INTO profileitemattribute (attributename,createddate,createduser,activeflag,modifieddate,modifieduser) VALUES ('MaskingType', now(), (select id from aartuser where username='cetesysadmin'), true, now(),(select id from aartuser where username='cetesysadmin'));
INSERT INTO profileitemattribute (attributename,createddate,createduser,activeflag,modifieddate,modifieduser) VALUES ('magnification', now(), (select id from aartuser where username='cetesysadmin'), true, now(),(select id from aartuser where username='cetesysadmin'));
INSERT INTO profileitemattribute (attributename,createddate,createduser,activeflag,modifieddate,modifieduser) VALUES ('invertColourChoice', now(), (select id from aartuser where username='cetesysadmin'), true, now(),(select id from aartuser where username='cetesysadmin'));
INSERT INTO profileitemattribute (attributename,createddate,createduser,activeflag,modifieddate,modifieduser) VALUES ('colour', now(), (select id from aartuser where username='cetesysadmin'), true, now(),(select id from aartuser where username='cetesysadmin'));
INSERT INTO profileitemattribute (attributename,createddate,createduser,activeflag,modifieddate,modifieduser) VALUES ('TimeMultiplier', now(), (select id from aartuser where username='cetesysadmin'), true, now(),(select id from aartuser where username='cetesysadmin'));


INSERT INTO profileitemattributecontainer (attributecontainer,createddate,createduser,activeflag,modifieddate,modifieduser) VALUES('Language',now(), (select id from aartuser where username='cetesysadmin'), true,now(), (select id from aartuser where username='cetesysadmin'));
INSERT INTO profileitemattributecontainer (attributecontainer,createddate,createduser,activeflag,modifieddate,modifieduser) VALUES('Spoken',now(), (select id from aartuser where username='cetesysadmin'), true,now(), (select id from aartuser where username='cetesysadmin'));
INSERT INTO profileitemattributecontainer (attributecontainer,createddate,createduser,activeflag,modifieddate,modifieduser) VALUES('Signing',now(), (select id from aartuser where username='cetesysadmin'), true,now(), (select id from aartuser where username='cetesysadmin'));
INSERT INTO profileitemattributecontainer (attributecontainer,createddate,createduser,activeflag,modifieddate,modifieduser) VALUES('Tactile',now(), (select id from aartuser where username='cetesysadmin'), true,now(), (select id from aartuser where username='cetesysadmin'));
INSERT INTO profileitemattributecontainer (attributecontainer,createddate,createduser,activeflag,modifieddate,modifieduser) VALUES('Braille',now(), (select id from aartuser where username='cetesysadmin'), true,now(), (select id from aartuser where username='cetesysadmin'));
INSERT INTO profileitemattributecontainer (attributecontainer,createddate,createduser,activeflag,modifieddate,modifieduser) VALUES('itemTranslationDisplay',now(), (select id from aartuser where username='cetesysadmin'), true,now(), (select id from aartuser where username='cetesysadmin'));
INSERT INTO profileitemattributecontainer (attributecontainer,createddate,createduser,activeflag,modifieddate,modifieduser) VALUES('apipn:apipBraille',now(), (select id from aartuser where username='cetesysadmin'), true,now(), (select id from aartuser where username='cetesysadmin'));
--INSERT INTO profileitemattributecontainer (attributecontainer,createddate,createduser,activeflag,modifieddate,modifieduser) VALUES('apipn:apipBraille',now(), (select id from aartuser where username='cetesysadmin'), true,now(), (select id from aartuser where username='cetesysadmin'));
INSERT INTO profileitemattributecontainer (attributecontainer,createddate,createduser,activeflag,modifieddate,modifieduser) VALUES('Masking',now(), (select id from aartuser where username='cetesysadmin'), true,now(), (select id from aartuser where username='cetesysadmin'));
INSERT INTO profileitemattributecontainer (attributecontainer,createddate,createduser,activeflag,modifieddate,modifieduser) VALUES('AuditoryBackground',now(), (select id from aartuser where username='cetesysadmin'), true,now(), (select id from aartuser where username='cetesysadmin'));
INSERT INTO profileitemattributecontainer (attributecontainer,createddate,createduser,activeflag,modifieddate,modifieduser) VALUES('ScreenEnhancement',now(), (select id from aartuser where username='cetesysadmin'), true,now(), (select id from aartuser where username='cetesysadmin'));
INSERT INTO profileitemattributecontainer (attributecontainer,createddate,createduser,activeflag,modifieddate,modifieduser) VALUES('ColourOverlay',now(), (select id from aartuser where username='cetesysadmin'), true,now(), (select id from aartuser where username='cetesysadmin'));
INSERT INTO profileitemattributecontainer (attributecontainer,createddate,createduser,activeflag,modifieddate,modifieduser) VALUES('InvertColourChoice',now(), (select id from aartuser where username='cetesysadmin'), true,now(), (select id from aartuser where username='cetesysadmin'));
INSERT INTO profileitemattributecontainer (attributecontainer,createddate,createduser,activeflag,modifieddate,modifieduser) VALUES('Magnification',now(), (select id from aartuser where username='cetesysadmin'), true,now(), (select id from aartuser where username='cetesysadmin'));
INSERT INTO profileitemattributecontainer (attributecontainer,createddate,createduser,activeflag,modifieddate,modifieduser) VALUES('BackgroundColour',now(), (select id from aartuser where username='cetesysadmin'), true,now(), (select id from aartuser where username='cetesysadmin'));
INSERT INTO profileitemattributecontainer (attributecontainer,createddate,createduser,activeflag,modifieddate,modifieduser) VALUES('ForegroundColour',now(), (select id from aartuser where username='cetesysadmin'), true,now(), (select id from aartuser where username='cetesysadmin'));
INSERT INTO profileitemattributecontainer (attributecontainer,createddate,createduser,activeflag,modifieddate,modifieduser) VALUES('AdditionalTestingTime',now(), (select id from aartuser where username='cetesysadmin'), true,now(), (select id from aartuser where username='cetesysadmin'));



--CEDS - profileitemattribute, profileitemattributecontainer

INSERT INTO profileitemattribute (attributename,createddate,createduser,activeflag,modifieddate,modifieduser)
	VALUES ('AssessmentNeedSpokenSourcePreferenceType', now(), (select id from aartuser where username='cetesysadmin'), true, now(), 
	(select id from aartuser where username='cetesysadmin'));

INSERT INTO profileitemattribute (attributename,createddate,createduser,activeflag,modifieddate,modifieduser)
	VALUES ('AssessmentNeedReadAtStartPreference', now(), (select id from aartuser where username='cetesysadmin'), true, now(), 
	(select id from aartuser where username='cetesysadmin'));

INSERT INTO profileitemattribute (attributename,createddate,createduser,activeflag,modifieddate,modifieduser)
	VALUES ('AssessmentNeedUserSpokenPreferenceType', now(), (select id from aartuser where username='cetesysadmin'), true, now(), 
	(select id from aartuser where username='cetesysadmin'));

INSERT INTO profileitemattribute (attributename,createddate,createduser,activeflag,modifieddate,modifieduser)
	VALUES ('AssessmentNeedSigningType', now(), (select id from aartuser where username='cetesysadmin'), true, now(), 
	(select id from aartuser where username='cetesysadmin'));

INSERT INTO profileitemattribute (attributename,createddate,createduser,activeflag,modifieddate,modifieduser)
	VALUES ('AssessmentNeedBrailleGradeType', now(), (select id from aartuser where username='cetesysadmin'), true, now(), 
	(select id from aartuser where username='cetesysadmin'));

INSERT INTO profileitemattribute (attributename,createddate,createduser,activeflag,modifieddate,modifieduser)
	VALUES ('AssessmentNeedNumberOfBrailleDotsType', now(), (select id from aartuser where username='cetesysadmin'), true, now(), 
	(select id from aartuser where username='cetesysadmin'));
		
INSERT INTO profileitemattribute (attributename,createddate,createduser,activeflag,modifieddate,modifieduser)
	VALUES ('AssessmentNeedNumberOfBrailleCells', now(), (select id from aartuser where username='cetesysadmin'), true, now(), 
	(select id from aartuser where username='cetesysadmin'));

INSERT INTO profileitemattribute (attributename,createddate,createduser,activeflag,modifieddate,modifieduser)
	VALUES ('AssessmentNeedBrailleMarkType', now(), (select id from aartuser where username='cetesysadmin'), true, now(), 
	(select id from aartuser where username='cetesysadmin'));

INSERT INTO profileitemattribute (attributename,createddate,createduser,activeflag,modifieddate,modifieduser)
	VALUES ('AssessmentNeedBrailleDotPressure', now(), (select id from aartuser where username='cetesysadmin'), true, now(), 
	(select id from aartuser where username='cetesysadmin'));

INSERT INTO profileitemattribute (attributename,createddate,createduser,activeflag,modifieddate,modifieduser)
	VALUES ('AssessmentNeedBrailleStatusCellType', now(), (select id from aartuser where username='cetesysadmin'), true, now(), 
	(select id from aartuser where username='cetesysadmin'));

INSERT INTO profileitemattribute (attributename,createddate,createduser,activeflag,modifieddate,modifieduser)
	VALUES ('AssessmentNeedMaskingType', now(), (select id from aartuser where username='cetesysadmin'), true, now(), 
	(select id from aartuser where username='cetesysadmin'));				

INSERT INTO profileitemattribute (attributename,createddate,createduser,activeflag,modifieddate,modifieduser)
	VALUES ('AssessmentNeedMagnification', now(), (select id from aartuser where username='cetesysadmin'), true, now(), 
	(select id from aartuser where username='cetesysadmin'));

INSERT INTO profileitemattribute (attributename,createddate,createduser,activeflag,modifieddate,modifieduser)
	VALUES ('AssessmentNeedInvertColorChoice', now(), (select id from aartuser where username='cetesysadmin'), true, now(), 
	(select id from aartuser where username='cetesysadmin'));

INSERT INTO profileitemattribute (attributename,createddate,createduser,activeflag,modifieddate,modifieduser)
	VALUES ('AssessmentNeedOverlayColor', now(), (select id from aartuser where username='cetesysadmin'), true, now(), 
	(select id from aartuser where username='cetesysadmin'));

INSERT INTO profileitemattribute (attributename,createddate,createduser,activeflag,modifieddate,modifieduser)
	VALUES ('AssessmentNeedBackgroundColor', now(), (select id from aartuser where username='cetesysadmin'), true, now(), 
	(select id from aartuser where username='cetesysadmin'));			

INSERT INTO profileitemattribute (attributename,createddate,createduser,activeflag,modifieddate,modifieduser)
	VALUES ('AssessmentNeedForegroundColor', now(), (select id from aartuser where username='cetesysadmin'), true, now(), 
	(select id from aartuser where username='cetesysadmin'));

INSERT INTO profileitemattribute (attributename,createddate,createduser,activeflag,modifieddate,modifieduser)
	VALUES ('AssessmentNeedTimeMultiplier', now(), (select id from aartuser where username='cetesysadmin'), true, now(), 
	(select id from aartuser where username='cetesysadmin'));

INSERT INTO profileitemattribute (attributename,createddate,createduser,activeflag,modifieddate,modifieduser)
	VALUES ('AssessmentNeedLanguageType', now(), (select id from aartuser where username='cetesysadmin'), true, now(), 
	(select id from aartuser where username='cetesysadmin'));

INSERT INTO profileitemattribute (attributename,createddate,createduser,activeflag,modifieddate,modifieduser)
	VALUES ('AssessmentNeedKeywordTranslationLanguageType', now(), (select id from aartuser where username='cetesysadmin'), true, now(), 
	(select id from aartuser where username='cetesysadmin'));


INSERT INTO profileitemattributecontainer (attributecontainer,createddate,createduser,activeflag,modifieddate,modifieduser) VALUES 
	('AssessmentPersonalNeedsProfile',now(), (select id from aartuser where username='cetesysadmin'), true, 
	now(), (select id from aartuser where username='cetesysadmin'));

INSERT INTO profileitemattributecontainer (attributecontainer,createddate,createduser,activeflag,modifieddate,modifieduser) VALUES 
	('AssessmentNeedProfileDisplay',now(), (select id from aartuser where username='cetesysadmin'), true, 
	now(), (select id from aartuser where username='cetesysadmin'));

INSERT INTO profileitemattributecontainer (attributecontainer,createddate,createduser,activeflag,modifieddate,modifieduser) VALUES 
	('AssessmentNeedProfileContent',now(), (select id from aartuser where username='cetesysadmin'), true, 
	now(), (select id from aartuser where username='cetesysadmin'));

INSERT INTO profileitemattributecontainer (attributecontainer,createddate,createduser,activeflag,modifieddate,modifieduser) VALUES 
	('AssessmentNeedProfileControl',now(), (select id from aartuser where username='cetesysadmin'), true, 
	now(), (select id from aartuser where username='cetesysadmin'));

INSERT INTO profileitemattributecontainer (attributecontainer,createddate,createduser,activeflag,modifieddate,modifieduser) VALUES 
	('AssessmentNeedScreenEnhancement',now(), (select id from aartuser where username='cetesysadmin'), true, 
	now(), (select id from aartuser where username='cetesysadmin'));



--SIF - profileitemattribute, profileitemattributecontainer

--INSERT INTO profileitemattribute (attributename,createddate,createduser,activeflag,modifieddate,modifieduser)
--	VALUES ('needLanguageType', now(), (select id from aartuser where username='cetesysadmin'), true, now(), 
--	(select id from aartuser where username='cetesysadmin'));

INSERT INTO profileitemattribute (attributename,createddate,createduser,activeflag,modifieddate,modifieduser)
	VALUES ('needSpokenSourcePreferenceType', now(), (select id from aartuser where username='cetesysadmin'), true, now(), 
	(select id from aartuser where username='cetesysadmin'));

INSERT INTO profileitemattribute (attributename,createddate,createduser,activeflag,modifieddate,modifieduser)
	VALUES ('needReadAtStartPreference', now(), (select id from aartuser where username='cetesysadmin'), true, now(), 
	(select id from aartuser where username='cetesysadmin'));
		
INSERT INTO profileitemattribute (attributename,createddate,createduser,activeflag,modifieddate,modifieduser)
	VALUES ('needUserSpokenPreferenceType', now(), (select id from aartuser where username='cetesysadmin'), true, now(), 
	(select id from aartuser where username='cetesysadmin'));

INSERT INTO profileitemattribute (attributename,createddate,createduser,activeflag,modifieddate,modifieduser)
	VALUES ('needSigningType', now(), (select id from aartuser where username='cetesysadmin'), true, now(), 
	(select id from aartuser where username='cetesysadmin'));
		
--INSERT INTO profileitemattribute (attributename,createddate,createduser,activeflag,modifieddate,modifieduser)
--	VALUES ('AssessmentNeedBrailleGradeType', now(), (select id from aartuser where username='cetesysadmin'), true, now(), 
--	(select id from aartuser where username='cetesysadmin'));

--INSERT INTO profileitemattribute (attributename,createddate,createduser,activeflag,modifieddate,modifieduser)
--	VALUES ('AssessmentNeedNumberOfBrailleDotsType', now(), (select id from aartuser where username='cetesysadmin'), true, now(), 
--	(select id from aartuser where username='cetesysadmin'));
		
--INSERT INTO profileitemattribute (attributename,createddate,createduser,activeflag,modifieddate,modifieduser)
--	VALUES ('AssessmentNeedNumberOfBrailleCells', now(), (select id from aartuser where username='cetesysadmin'), true, now(), 
--	(select id from aartuser where username='cetesysadmin'));
	
--INSERT INTO profileitemattribute (attributename,createddate,createduser,activeflag,modifieddate,modifieduser)
--	VALUES ('AssessmentNeedBrailleMarkType', now(), (select id from aartuser where username='cetesysadmin'), true, now(), 
--	(select id from aartuser where username='cetesysadmin'));

--INSERT INTO profileitemattribute (attributename,createddate,createduser,activeflag,modifieddate,modifieduser)
--	VALUES ('AssessmentNeedBrailleDotPressure', now(), (select id from aartuser where username='cetesysadmin'), true, now(), 
--	(select id from aartuser where username='cetesysadmin'));

--INSERT INTO profileitemattribute (attributename,createddate,createduser,activeflag,modifieddate,modifieduser)
--	VALUES ('AssessmentNeedBrailleStatusCellType', now(), (select id from aartuser where username='cetesysadmin'), true, now(), 
--	(select id from aartuser where username='cetesysadmin'));
		
INSERT INTO profileitemattribute (attributename,createddate,createduser,activeflag,modifieddate,modifieduser)
	VALUES ('needItemTranslationDisplayLanguageType', now(), (select id from aartuser where username='cetesysadmin'), true, now(), 
	(select id from aartuser where username='cetesysadmin'));

INSERT INTO profileitemattribute (attributename,createddate,createduser,activeflag,modifieddate,modifieduser)
	VALUES ('needMaskingType', now(), (select id from aartuser where username='cetesysadmin'), true, now(), 
	(select id from aartuser where username='cetesysadmin'));
		
INSERT INTO profileitemattribute (attributename,createddate,createduser,activeflag,modifieddate,modifieduser)
	VALUES ('needInvertColorChoice', now(), (select id from aartuser where username='cetesysadmin'), true, now(), 
	(select id from aartuser where username='cetesysadmin'));

INSERT INTO profileitemattribute (attributename,createddate,createduser,activeflag,modifieddate,modifieduser)
	VALUES ('needOverlayColor', now(), (select id from aartuser where username='cetesysadmin'), true, now(), 
	(select id from aartuser where username='cetesysadmin'));
		
INSERT INTO profileitemattribute (attributename,createddate,createduser,activeflag,modifieddate,modifieduser)
	VALUES ('needBackgroundColor', now(), (select id from aartuser where username='cetesysadmin'), true, now(), 
	(select id from aartuser where username='cetesysadmin'));	

INSERT INTO profileitemattribute (attributename,createddate,createduser,activeflag,modifieddate,modifieduser)
	VALUES ('needForegroundColor', now(), (select id from aartuser where username='cetesysadmin'), true, now(), 
	(select id from aartuser where username='cetesysadmin'));		

INSERT INTO profileitemattribute (attributename,createddate,createduser,activeflag,modifieddate,modifieduser)
	VALUES ('needTimeMultiplier', now(), (select id from aartuser where username='cetesysadmin'), true, now(), 
	(select id from aartuser where username='cetesysadmin'));		


--INSERT INTO profileitemattributecontainer (attributecontainer,createddate,createduser,activeflag,modifieddate,modifieduser) VALUES 
--	('AssessmentPersonalNeedsProfile',now(), (select id from aartuser where username='cetesysadmin'), true, 
--	now(), (select id from aartuser where username='cetesysadmin'));

	
-- Parent Container

INSERT INTO profileitemattributecontainer (attributecontainer,createddate,createduser,activeflag,modifieddate,modifieduser) VALUES 
	('Access_For_All_User',now(), (select id from aartuser where username='cetesysadmin'), true, 
	now(), (select id from aartuser where username='cetesysadmin'));

--INSERT INTO profileitemattributecontainer (attributecontainer,createddate,createduser,activeflag,modifieddate,modifieduser) VALUES 
--	('Language',now(), (select id from aartuser where username='cetesysadmin'), true, 
--	now(), (select id from aartuser where username='cetesysadmin'));

INSERT INTO profileitemattributecontainer (attributecontainer,createddate,createduser,activeflag,modifieddate,modifieduser) VALUES 
	('Content',now(), (select id from aartuser where username='cetesysadmin'), true, 
	now(), (select id from aartuser where username='cetesysadmin'));

INSERT INTO profileitemattributecontainer (attributecontainer,createddate,createduser,activeflag,modifieddate,modifieduser) VALUES 
	('Display',now(), (select id from aartuser where username='cetesysadmin'), true, 
	now(), (select id from aartuser where username='cetesysadmin'));

--INSERT INTO profileitemattributecontainer (attributecontainer,createddate,createduser,activeflag,modifieddate,modifieduser) VALUES 
--	('ScreenEnhancement',now(), (select id from aartuser where username='cetesysadmin'), true, 
--	now(), (select id from aartuser where username='cetesysadmin'));

INSERT INTO profileitemattributecontainer (attributecontainer,createddate,createduser,activeflag,modifieddate,modifieduser) VALUES 
	('Control',now(), (select id from aartuser where username='cetesysadmin'), true, 
	now(), (select id from aartuser where username='cetesysadmin'));

INSERT INTO profileitemattributecontainer (attributecontainer,createddate,createduser,activeflag,modifieddate,modifieduser) VALUES 
	('apipn:apipContent',now(), (select id from aartuser where username='cetesysadmin'), true, 
	now(), (select id from aartuser where username='cetesysadmin'));

--INSERT INTO profileitemattributecontainer (attributecontainer,createddate,createduser,activeflag,modifieddate,modifieduser) VALUES 
--	('apipn:apipBraille',now(), (select id from aartuser where username='cetesysadmin'), true, 
--	now(), (select id from aartuser where username='cetesysadmin'));

INSERT INTO profileitemattributecontainer (attributecontainer,createddate,createduser,activeflag,modifieddate,modifieduser) VALUES 
	('apipn:apipDisplay',now(), (select id from aartuser where username='cetesysadmin'), true, 
	now(), (select id from aartuser where username='cetesysadmin'));

INSERT INTO profileitemattributecontainer (attributecontainer,createddate,createduser,activeflag,modifieddate,modifieduser) VALUES 
	('apipScreenEnhancement',now(), (select id from aartuser where username='cetesysadmin'), true, 
	now(), (select id from aartuser where username='cetesysadmin'));

INSERT INTO profileitemattributecontainer (attributecontainer,createddate,createduser,activeflag,modifieddate,modifieduser) VALUES 
	('apipn:apipControl',now(), (select id from aartuser where username='cetesysadmin'), true, 
	now(), (select id from aartuser where username='cetesysadmin'));



--APIP - profileitemattributenameattributecontainer

INSERT INTO profileitemattributenameattributecontainer (attributenameid,attributecontainerid,createddate,createduser,activeflag,modifieddate,modifieduser,parentcontainerleveloneid,parentcontainerleveltwoid,parentcontainerlevelthreeid) VALUES ((select id from profileitemattribute where attributename ='needLanguageType'), (select id from profileitemattributecontainer where attributecontainer = 'Language'),now(), (select id from aartuser where username='cetesysadmin'), true, now(), (select id from aartuser where username='cetesysadmin'),(SELECT id FROM profileitemattributecontainer WHERE attributecontainer = 'Access_For_All_User'), (SELECT id FROM profileitemattributecontainer WHERE attributecontainer = 'Language'), (SELECT id FROM profileitemattributecontainer WHERE attributecontainer = '') );
INSERT INTO profileitemattributenameattributecontainer (attributenameid,attributecontainerid,createddate,createduser,activeflag,modifieddate,modifieduser,parentcontainerleveloneid,parentcontainerleveltwoid,parentcontainerlevelthreeid) VALUES ((select id from profileitemattribute where attributename ='assignedSupport'), (select id from profileitemattributecontainer where attributecontainer = 'Spoken'),now(), (select id from aartuser where username='cetesysadmin'), true, now(), (select id from aartuser where username='cetesysadmin'),(SELECT id FROM profileitemattributecontainer WHERE attributecontainer = 'Access_For_All_User'), (SELECT id FROM profileitemattributecontainer WHERE attributecontainer = 'Content'), (SELECT id FROM profileitemattributecontainer WHERE attributecontainer = ' apipn:apipContent') );
INSERT INTO profileitemattributenameattributecontainer (attributenameid,attributecontainerid,createddate,createduser,activeflag,modifieddate,modifieduser,parentcontainerleveloneid,parentcontainerleveltwoid,parentcontainerlevelthreeid) VALUES ((select id from profileitemattribute where attributename ='activateByDefault'), (select id from profileitemattributecontainer where attributecontainer = 'Spoken'),now(), (select id from aartuser where username='cetesysadmin'), true, now(), (select id from aartuser where username='cetesysadmin'),(SELECT id FROM profileitemattributecontainer WHERE attributecontainer = 'Access_For_All_User'), (SELECT id FROM profileitemattributecontainer WHERE attributecontainer = 'Content'), (SELECT id FROM profileitemattributecontainer WHERE attributecontainer = ' apipn:apipContent') );
INSERT INTO profileitemattributenameattributecontainer (attributenameid,attributecontainerid,createddate,createduser,activeflag,modifieddate,modifieduser,parentcontainerleveloneid,parentcontainerleveltwoid,parentcontainerlevelthreeid) VALUES ((select id from profileitemattribute where attributename ='SpokenSourcePreference '), (select id from profileitemattributecontainer where attributecontainer = 'Spoken'),now(), (select id from aartuser where username='cetesysadmin'), true, now(), (select id from aartuser where username='cetesysadmin'),(SELECT id FROM profileitemattributecontainer WHERE attributecontainer = 'Access_For_All_User'), (SELECT id FROM profileitemattributecontainer WHERE attributecontainer = 'Content'), (SELECT id FROM profileitemattributecontainer WHERE attributecontainer = ' apipn:apipContent') );
INSERT INTO profileitemattributenameattributecontainer (attributenameid,attributecontainerid,createddate,createduser,activeflag,modifieddate,modifieduser,parentcontainerleveloneid,parentcontainerleveltwoid,parentcontainerlevelthreeid) VALUES ((select id from profileitemattribute where attributename ='ReadAtStartPreference'), (select id from profileitemattributecontainer where attributecontainer = 'Spoken'),now(), (select id from aartuser where username='cetesysadmin'), true, now(), (select id from aartuser where username='cetesysadmin'),(SELECT id FROM profileitemattributecontainer WHERE attributecontainer = 'Access_For_All_User'), (SELECT id FROM profileitemattributecontainer WHERE attributecontainer = 'Content'), (SELECT id FROM profileitemattributecontainer WHERE attributecontainer = ' apipn:apipContent') );
INSERT INTO profileitemattributenameattributecontainer (attributenameid,attributecontainerid,createddate,createduser,activeflag,modifieddate,modifieduser,parentcontainerleveloneid,parentcontainerleveltwoid,parentcontainerlevelthreeid) VALUES ((select id from profileitemattribute where attributename ='UserSpokenPreference'), (select id from profileitemattributecontainer where attributecontainer = 'Spoken'),now(), (select id from aartuser where username='cetesysadmin'), true, now(), (select id from aartuser where username='cetesysadmin'),(SELECT id FROM profileitemattributecontainer WHERE attributecontainer = 'Access_For_All_User'), (SELECT id FROM profileitemattributecontainer WHERE attributecontainer = 'Content'), (SELECT id FROM profileitemattributecontainer WHERE attributecontainer = ' apipn:apipContent') );
INSERT INTO profileitemattributenameattributecontainer (attributenameid,attributecontainerid,createddate,createduser,activeflag,modifieddate,modifieduser,parentcontainerleveloneid,parentcontainerleveltwoid,parentcontainerlevelthreeid) VALUES ((select id from profileitemattribute where attributename ='assignedSupport'), (select id from profileitemattributecontainer where attributecontainer = 'Signing'),now(), (select id from aartuser where username='cetesysadmin'), true, now(), (select id from aartuser where username='cetesysadmin'),(SELECT id FROM profileitemattributecontainer WHERE attributecontainer = 'Access_For_All_User'), (SELECT id FROM profileitemattributecontainer WHERE attributecontainer = 'Content'), (SELECT id FROM profileitemattributecontainer WHERE attributecontainer = ' apipn:apipContent') );
INSERT INTO profileitemattributenameattributecontainer (attributenameid,attributecontainerid,createddate,createduser,activeflag,modifieddate,modifieduser,parentcontainerleveloneid,parentcontainerleveltwoid,parentcontainerlevelthreeid) VALUES ((select id from profileitemattribute where attributename ='activateByDefault'), (select id from profileitemattributecontainer where attributecontainer = 'Signing'),now(), (select id from aartuser where username='cetesysadmin'), true, now(), (select id from aartuser where username='cetesysadmin'),(SELECT id FROM profileitemattributecontainer WHERE attributecontainer = 'Access_For_All_User'), (SELECT id FROM profileitemattributecontainer WHERE attributecontainer = 'Content'), (SELECT id FROM profileitemattributecontainer WHERE attributecontainer = ' apipn:apipContent') );
INSERT INTO profileitemattributenameattributecontainer (attributenameid,attributecontainerid,createddate,createduser,activeflag,modifieddate,modifieduser,parentcontainerleveloneid,parentcontainerleveltwoid,parentcontainerlevelthreeid) VALUES ((select id from profileitemattribute where attributename ='SigningType'), (select id from profileitemattributecontainer where attributecontainer = 'Signing'),now(), (select id from aartuser where username='cetesysadmin'), true, now(), (select id from aartuser where username='cetesysadmin'),(SELECT id FROM profileitemattributecontainer WHERE attributecontainer = 'Access_For_All_User'), (SELECT id FROM profileitemattributecontainer WHERE attributecontainer = 'Content'), (SELECT id FROM profileitemattributecontainer WHERE attributecontainer = ' apipn:apipContent') );
INSERT INTO profileitemattributenameattributecontainer (attributenameid,attributecontainerid,createddate,createduser,activeflag,modifieddate,modifieduser,parentcontainerleveloneid,parentcontainerleveltwoid,parentcontainerlevelthreeid) VALUES ((select id from profileitemattribute where attributename ='usage'), (select id from profileitemattributecontainer where attributecontainer = 'Tactile'),now(), (select id from aartuser where username='cetesysadmin'), true, now(), (select id from aartuser where username='cetesysadmin'),(SELECT id FROM profileitemattributecontainer WHERE attributecontainer = 'Access_For_All_User'), (SELECT id FROM profileitemattributecontainer WHERE attributecontainer = 'Display'), (SELECT id FROM profileitemattributecontainer WHERE attributecontainer = '') );
INSERT INTO profileitemattributenameattributecontainer (attributenameid,attributecontainerid,createddate,createduser,activeflag,modifieddate,modifieduser,parentcontainerleveloneid,parentcontainerleveltwoid,parentcontainerlevelthreeid) VALUES ((select id from profileitemattribute where attributename ='brailleGrade'), (select id from profileitemattributecontainer where attributecontainer = 'Braille'),now(), (select id from aartuser where username='cetesysadmin'), true, now(), (select id from aartuser where username='cetesysadmin'),(SELECT id FROM profileitemattributecontainer WHERE attributecontainer = 'Access_For_All_User'), (SELECT id FROM profileitemattributecontainer WHERE attributecontainer = 'Display'), (SELECT id FROM profileitemattributecontainer WHERE attributecontainer = '') );
INSERT INTO profileitemattributenameattributecontainer (attributenameid,attributecontainerid,createddate,createduser,activeflag,modifieddate,modifieduser,parentcontainerleveloneid,parentcontainerleveltwoid,parentcontainerlevelthreeid) VALUES ((select id from profileitemattribute where attributename ='numberOfBrailleDots'), (select id from profileitemattributecontainer where attributecontainer = 'Braille'),now(), (select id from aartuser where username='cetesysadmin'), true, now(), (select id from aartuser where username='cetesysadmin'),(SELECT id FROM profileitemattributecontainer WHERE attributecontainer = 'Access_For_All_User'), (SELECT id FROM profileitemattributecontainer WHERE attributecontainer = 'Display'), (SELECT id FROM profileitemattributecontainer WHERE attributecontainer = '') );
INSERT INTO profileitemattributenameattributecontainer (attributenameid,attributecontainerid,createddate,createduser,activeflag,modifieddate,modifieduser,parentcontainerleveloneid,parentcontainerleveltwoid,parentcontainerlevelthreeid) VALUES ((select id from profileitemattribute where attributename ='numberOfBrailleCells'), (select id from profileitemattributecontainer where attributecontainer = 'Braille'),now(), (select id from aartuser where username='cetesysadmin'), true, now(), (select id from aartuser where username='cetesysadmin'),(SELECT id FROM profileitemattributecontainer WHERE attributecontainer = 'Access_For_All_User'), (SELECT id FROM profileitemattributecontainer WHERE attributecontainer = 'Display'), (SELECT id FROM profileitemattributecontainer WHERE attributecontainer = '') );
INSERT INTO profileitemattributenameattributecontainer (attributenameid,attributecontainerid,createddate,createduser,activeflag,modifieddate,modifieduser,parentcontainerleveloneid,parentcontainerleveltwoid,parentcontainerlevelthreeid) VALUES ((select id from profileitemattribute where attributename ='brailleMark'), (select id from profileitemattributecontainer where attributecontainer = 'Braille'),now(), (select id from aartuser where username='cetesysadmin'), true, now(), (select id from aartuser where username='cetesysadmin'),(SELECT id FROM profileitemattributecontainer WHERE attributecontainer = 'Access_For_All_User'), (SELECT id FROM profileitemattributecontainer WHERE attributecontainer = 'Display'), (SELECT id FROM profileitemattributecontainer WHERE attributecontainer = '') );
INSERT INTO profileitemattributenameattributecontainer (attributenameid,attributecontainerid,createddate,createduser,activeflag,modifieddate,modifieduser,parentcontainerleveloneid,parentcontainerleveltwoid,parentcontainerlevelthreeid) VALUES ((select id from profileitemattribute where attributename ='brailleDotPressure'), (select id from profileitemattributecontainer where attributecontainer = 'Braille'),now(), (select id from aartuser where username='cetesysadmin'), true, now(), (select id from aartuser where username='cetesysadmin'),(SELECT id FROM profileitemattributecontainer WHERE attributecontainer = 'Access_For_All_User'), (SELECT id FROM profileitemattributecontainer WHERE attributecontainer = 'Display'), (SELECT id FROM profileitemattributecontainer WHERE attributecontainer = '') );
INSERT INTO profileitemattributenameattributecontainer (attributenameid,attributecontainerid,createddate,createduser,activeflag,modifieddate,modifieduser,parentcontainerleveloneid,parentcontainerleveltwoid,parentcontainerlevelthreeid) VALUES ((select id from profileitemattribute where attributename ='brailleStatusCell'), (select id from profileitemattributecontainer where attributecontainer = 'Braille'),now(), (select id from aartuser where username='cetesysadmin'), true, now(), (select id from aartuser where username='cetesysadmin'),(SELECT id FROM profileitemattributecontainer WHERE attributecontainer = 'Access_For_All_User'), (SELECT id FROM profileitemattributecontainer WHERE attributecontainer = 'Display'), (SELECT id FROM profileitemattributecontainer WHERE attributecontainer = '') );
INSERT INTO profileitemattributenameattributecontainer (attributenameid,attributecontainerid,createddate,createduser,activeflag,modifieddate,modifieduser,parentcontainerleveloneid,parentcontainerleveltwoid,parentcontainerlevelthreeid) VALUES ((select id from profileitemattribute where attributename ='usage'), (select id from profileitemattributecontainer where attributecontainer = 'Braille'),now(), (select id from aartuser where username='cetesysadmin'), true, now(), (select id from aartuser where username='cetesysadmin'),(SELECT id FROM profileitemattributecontainer WHERE attributecontainer = 'Access_For_All_User'), (SELECT id FROM profileitemattributecontainer WHERE attributecontainer = 'Display'), (SELECT id FROM profileitemattributecontainer WHERE attributecontainer = '') );
INSERT INTO profileitemattributenameattributecontainer (attributenameid,attributecontainerid,createddate,createduser,activeflag,modifieddate,modifieduser,parentcontainerleveloneid,parentcontainerleveltwoid,parentcontainerlevelthreeid) VALUES ((select id from profileitemattribute where attributename ='assignedSupport'), (select id from profileitemattributecontainer where attributecontainer = 'itemTranslationDisplay'),now(), (select id from aartuser where username='cetesysadmin'), true, now(), (select id from aartuser where username='cetesysadmin'),(SELECT id FROM profileitemattributecontainer WHERE attributecontainer = 'Access_For_All_User'), (SELECT id FROM profileitemattributecontainer WHERE attributecontainer = 'Display'), (SELECT id FROM profileitemattributecontainer WHERE attributecontainer = '') );
INSERT INTO profileitemattributenameattributecontainer (attributenameid,attributecontainerid,createddate,createduser,activeflag,modifieddate,modifieduser,parentcontainerleveloneid,parentcontainerleveltwoid,parentcontainerlevelthreeid) VALUES ((select id from profileitemattribute where attributename ='activateByDefault'), (select id from profileitemattributecontainer where attributecontainer = 'itemTranslationDisplay'),now(), (select id from aartuser where username='cetesysadmin'), true, now(), (select id from aartuser where username='cetesysadmin'),(SELECT id FROM profileitemattributecontainer WHERE attributecontainer = 'Access_For_All_User'), (SELECT id FROM profileitemattributecontainer WHERE attributecontainer = 'Display'), (SELECT id FROM profileitemattributecontainer WHERE attributecontainer = '') );
INSERT INTO profileitemattributenameattributecontainer (attributenameid,attributecontainerid,createddate,createduser,activeflag,modifieddate,modifieduser,parentcontainerleveloneid,parentcontainerleveltwoid,parentcontainerlevelthreeid) VALUES ((select id from profileitemattribute where attributename ='Language'), (select id from profileitemattributecontainer where attributecontainer = 'itemTranslationDisplay'),now(), (select id from aartuser where username='cetesysadmin'), true, now(), (select id from aartuser where username='cetesysadmin'),(SELECT id FROM profileitemattributecontainer WHERE attributecontainer = 'Access_For_All_User'), (SELECT id FROM profileitemattributecontainer WHERE attributecontainer = 'Display'), (SELECT id FROM profileitemattributecontainer WHERE attributecontainer = '') );
INSERT INTO profileitemattributenameattributecontainer (attributenameid,attributecontainerid,createddate,createduser,activeflag,modifieddate,modifieduser,parentcontainerleveloneid,parentcontainerleveltwoid,parentcontainerlevelthreeid) VALUES ((select id from profileitemattribute where attributename ='assignedSupport'), (select id from profileitemattributecontainer where attributecontainer = 'apipn:apipBraille'),now(), (select id from aartuser where username='cetesysadmin'), true, now(), (select id from aartuser where username='cetesysadmin'),(SELECT id FROM profileitemattributecontainer WHERE attributecontainer = 'Access_For_All_User'), (SELECT id FROM profileitemattributecontainer WHERE attributecontainer = 'Display'), (SELECT id FROM profileitemattributecontainer WHERE attributecontainer = 'apipn:apipBraille') );
INSERT INTO profileitemattributenameattributecontainer (attributenameid,attributecontainerid,createddate,createduser,activeflag,modifieddate,modifieduser,parentcontainerleveloneid,parentcontainerleveltwoid,parentcontainerlevelthreeid) VALUES ((select id from profileitemattribute where attributename ='activateByDefault'), (select id from profileitemattributecontainer where attributecontainer = 'apipn:apipBraille'),now(), (select id from aartuser where username='cetesysadmin'), true, now(), (select id from aartuser where username='cetesysadmin'),(SELECT id FROM profileitemattributecontainer WHERE attributecontainer = 'Access_For_All_User'), (SELECT id FROM profileitemattributecontainer WHERE attributecontainer = 'Display'), (SELECT id FROM profileitemattributecontainer WHERE attributecontainer = 'apipn:apipBraille') );
INSERT INTO profileitemattributenameattributecontainer (attributenameid,attributecontainerid,createddate,createduser,activeflag,modifieddate,modifieduser,parentcontainerleveloneid,parentcontainerleveltwoid,parentcontainerlevelthreeid) VALUES ((select id from profileitemattribute where attributename ='assignedSupport'), (select id from profileitemattributecontainer where attributecontainer = 'Masking'),now(), (select id from aartuser where username='cetesysadmin'), true, now(), (select id from aartuser where username='cetesysadmin'),(SELECT id FROM profileitemattributecontainer WHERE attributecontainer = 'Access_For_All_User'), (SELECT id FROM profileitemattributecontainer WHERE attributecontainer = 'Display'), (SELECT id FROM profileitemattributecontainer WHERE attributecontainer = 'apipn:apipDisplay') );
INSERT INTO profileitemattributenameattributecontainer (attributenameid,attributecontainerid,createddate,createduser,activeflag,modifieddate,modifieduser,parentcontainerleveloneid,parentcontainerleveltwoid,parentcontainerlevelthreeid) VALUES ((select id from profileitemattribute where attributename ='activateByDefault'), (select id from profileitemattributecontainer where attributecontainer = 'Masking'),now(), (select id from aartuser where username='cetesysadmin'), true, now(), (select id from aartuser where username='cetesysadmin'),(SELECT id FROM profileitemattributecontainer WHERE attributecontainer = 'Access_For_All_User'), (SELECT id FROM profileitemattributecontainer WHERE attributecontainer = 'Display'), (SELECT id FROM profileitemattributecontainer WHERE attributecontainer = 'apipn:apipDisplay') );
INSERT INTO profileitemattributenameattributecontainer (attributenameid,attributecontainerid,createddate,createduser,activeflag,modifieddate,modifieduser,parentcontainerleveloneid,parentcontainerleveltwoid,parentcontainerlevelthreeid) VALUES ((select id from profileitemattribute where attributename ='MaskingType'), (select id from profileitemattributecontainer where attributecontainer = 'Masking'),now(), (select id from aartuser where username='cetesysadmin'), true, now(), (select id from aartuser where username='cetesysadmin'),(SELECT id FROM profileitemattributecontainer WHERE attributecontainer = 'Access_For_All_User'), (SELECT id FROM profileitemattributecontainer WHERE attributecontainer = 'Display'), (SELECT id FROM profileitemattributecontainer WHERE attributecontainer = 'apipn:apipDisplay') );
INSERT INTO profileitemattributenameattributecontainer (attributenameid,attributecontainerid,createddate,createduser,activeflag,modifieddate,modifieduser,parentcontainerleveloneid,parentcontainerleveltwoid,parentcontainerlevelthreeid) VALUES ((select id from profileitemattribute where attributename ='assignedSupport'), (select id from profileitemattributecontainer where attributecontainer = 'AuditoryBackground'),now(), (select id from aartuser where username='cetesysadmin'), true, now(), (select id from aartuser where username='cetesysadmin'),(SELECT id FROM profileitemattributecontainer WHERE attributecontainer = 'Access_For_All_User'), (SELECT id FROM profileitemattributecontainer WHERE attributecontainer = 'Display'), (SELECT id FROM profileitemattributecontainer WHERE attributecontainer = 'apipn:apipDisplay') );
INSERT INTO profileitemattributenameattributecontainer (attributenameid,attributecontainerid,createddate,createduser,activeflag,modifieddate,modifieduser,parentcontainerleveloneid,parentcontainerleveltwoid,parentcontainerlevelthreeid) VALUES ((select id from profileitemattribute where attributename ='activateByDefault'), (select id from profileitemattributecontainer where attributecontainer = 'AuditoryBackground'),now(), (select id from aartuser where username='cetesysadmin'), true, now(), (select id from aartuser where username='cetesysadmin'),(SELECT id FROM profileitemattributecontainer WHERE attributecontainer = 'Access_For_All_User'), (SELECT id FROM profileitemattributecontainer WHERE attributecontainer = 'Display'), (SELECT id FROM profileitemattributecontainer WHERE attributecontainer = 'apipn:apipDisplay') );
INSERT INTO profileitemattributenameattributecontainer (attributenameid,attributecontainerid,createddate,createduser,activeflag,modifieddate,modifieduser,parentcontainerleveloneid,parentcontainerleveltwoid,parentcontainerlevelthreeid) VALUES ((select id from profileitemattribute where attributename ='magnification'), (select id from profileitemattributecontainer where attributecontainer = 'ScreenEnhancement'),now(), (select id from aartuser where username='cetesysadmin'), true, now(), (select id from aartuser where username='cetesysadmin'),(SELECT id FROM profileitemattributecontainer WHERE attributecontainer = 'Access_For_All_User'), (SELECT id FROM profileitemattributecontainer WHERE attributecontainer = 'ScreenEnhancement'), (SELECT id FROM profileitemattributecontainer WHERE attributecontainer = '') );
INSERT INTO profileitemattributenameattributecontainer (attributenameid,attributecontainerid,createddate,createduser,activeflag,modifieddate,modifieduser,parentcontainerleveloneid,parentcontainerleveltwoid,parentcontainerlevelthreeid) VALUES ((select id from profileitemattribute where attributename ='invertColourChoice'), (select id from profileitemattributecontainer where attributecontainer = 'ScreenEnhancement'),now(), (select id from aartuser where username='cetesysadmin'), true, now(), (select id from aartuser where username='cetesysadmin'),(SELECT id FROM profileitemattributecontainer WHERE attributecontainer = 'Access_For_All_User'), (SELECT id FROM profileitemattributecontainer WHERE attributecontainer = 'ScreenEnhancement'), (SELECT id FROM profileitemattributecontainer WHERE attributecontainer = '') );
INSERT INTO profileitemattributenameattributecontainer (attributenameid,attributecontainerid,createddate,createduser,activeflag,modifieddate,modifieduser,parentcontainerleveloneid,parentcontainerleveltwoid,parentcontainerlevelthreeid) VALUES ((select id from profileitemattribute where attributename ='assignedSupport'), (select id from profileitemattributecontainer where attributecontainer = 'ColourOverlay'),now(), (select id from aartuser where username='cetesysadmin'), true, now(), (select id from aartuser where username='cetesysadmin'),(SELECT id FROM profileitemattributecontainer WHERE attributecontainer = 'Access_For_All_User'), (SELECT id FROM profileitemattributecontainer WHERE attributecontainer = 'ScreenEnhancement'), (SELECT id FROM profileitemattributecontainer WHERE attributecontainer = 'apipScreenEnhancement') );
INSERT INTO profileitemattributenameattributecontainer (attributenameid,attributecontainerid,createddate,createduser,activeflag,modifieddate,modifieduser,parentcontainerleveloneid,parentcontainerleveltwoid,parentcontainerlevelthreeid) VALUES ((select id from profileitemattribute where attributename ='activateByDefault'), (select id from profileitemattributecontainer where attributecontainer = 'ColourOverlay'),now(), (select id from aartuser where username='cetesysadmin'), true, now(), (select id from aartuser where username='cetesysadmin'),(SELECT id FROM profileitemattributecontainer WHERE attributecontainer = 'Access_For_All_User'), (SELECT id FROM profileitemattributecontainer WHERE attributecontainer = 'ScreenEnhancement'), (SELECT id FROM profileitemattributecontainer WHERE attributecontainer = 'apipScreenEnhancement') );
INSERT INTO profileitemattributenameattributecontainer (attributenameid,attributecontainerid,createddate,createduser,activeflag,modifieddate,modifieduser,parentcontainerleveloneid,parentcontainerleveltwoid,parentcontainerlevelthreeid) VALUES ((select id from profileitemattribute where attributename ='colour'), (select id from profileitemattributecontainer where attributecontainer = 'ColourOverlay'),now(), (select id from aartuser where username='cetesysadmin'), true, now(), (select id from aartuser where username='cetesysadmin'),(SELECT id FROM profileitemattributecontainer WHERE attributecontainer = 'Access_For_All_User'), (SELECT id FROM profileitemattributecontainer WHERE attributecontainer = 'ScreenEnhancement'), (SELECT id FROM profileitemattributecontainer WHERE attributecontainer = 'apipScreenEnhancement') );
INSERT INTO profileitemattributenameattributecontainer (attributenameid,attributecontainerid,createddate,createduser,activeflag,modifieddate,modifieduser,parentcontainerleveloneid,parentcontainerleveltwoid,parentcontainerlevelthreeid) VALUES ((select id from profileitemattribute where attributename ='assignedSupport'), (select id from profileitemattributecontainer where attributecontainer = 'InvertColourChoice'),now(), (select id from aartuser where username='cetesysadmin'), true, now(), (select id from aartuser where username='cetesysadmin'),(SELECT id FROM profileitemattributecontainer WHERE attributecontainer = 'Access_For_All_User'), (SELECT id FROM profileitemattributecontainer WHERE attributecontainer = 'ScreenEnhancement'), (SELECT id FROM profileitemattributecontainer WHERE attributecontainer = 'apipScreenEnhancement') );
INSERT INTO profileitemattributenameattributecontainer (attributenameid,attributecontainerid,createddate,createduser,activeflag,modifieddate,modifieduser,parentcontainerleveloneid,parentcontainerleveltwoid,parentcontainerlevelthreeid) VALUES ((select id from profileitemattribute where attributename ='activateByDefault'), (select id from profileitemattributecontainer where attributecontainer = 'InvertColourChoice'),now(), (select id from aartuser where username='cetesysadmin'), true, now(), (select id from aartuser where username='cetesysadmin'),(SELECT id FROM profileitemattributecontainer WHERE attributecontainer = 'Access_For_All_User'), (SELECT id FROM profileitemattributecontainer WHERE attributecontainer = 'ScreenEnhancement'), (SELECT id FROM profileitemattributecontainer WHERE attributecontainer = 'apipScreenEnhancement') );
INSERT INTO profileitemattributenameattributecontainer (attributenameid,attributecontainerid,createddate,createduser,activeflag,modifieddate,modifieduser,parentcontainerleveloneid,parentcontainerleveltwoid,parentcontainerlevelthreeid) VALUES ((select id from profileitemattribute where attributename ='assignedSupport'), (select id from profileitemattributecontainer where attributecontainer = 'Magnification'),now(), (select id from aartuser where username='cetesysadmin'), true, now(), (select id from aartuser where username='cetesysadmin'),(SELECT id FROM profileitemattributecontainer WHERE attributecontainer = 'Access_For_All_User'), (SELECT id FROM profileitemattributecontainer WHERE attributecontainer = 'ScreenEnhancement'), (SELECT id FROM profileitemattributecontainer WHERE attributecontainer = 'apipScreenEnhancement') );
INSERT INTO profileitemattributenameattributecontainer (attributenameid,attributecontainerid,createddate,createduser,activeflag,modifieddate,modifieduser,parentcontainerleveloneid,parentcontainerleveltwoid,parentcontainerlevelthreeid) VALUES ((select id from profileitemattribute where attributename ='activateByDefault'), (select id from profileitemattributecontainer where attributecontainer = 'Magnification'),now(), (select id from aartuser where username='cetesysadmin'), true, now(), (select id from aartuser where username='cetesysadmin'),(SELECT id FROM profileitemattributecontainer WHERE attributecontainer = 'Access_For_All_User'), (SELECT id FROM profileitemattributecontainer WHERE attributecontainer = 'ScreenEnhancement'), (SELECT id FROM profileitemattributecontainer WHERE attributecontainer = 'apipScreenEnhancement') );
INSERT INTO profileitemattributenameattributecontainer (attributenameid,attributecontainerid,createddate,createduser,activeflag,modifieddate,modifieduser,parentcontainerleveloneid,parentcontainerleveltwoid,parentcontainerlevelthreeid) VALUES ((select id from profileitemattribute where attributename ='colour'), (select id from profileitemattributecontainer where attributecontainer = 'BackgroundColour'),now(), (select id from aartuser where username='cetesysadmin'), true, now(), (select id from aartuser where username='cetesysadmin'),(SELECT id FROM profileitemattributecontainer WHERE attributecontainer = 'Access_For_All_User'), (SELECT id FROM profileitemattributecontainer WHERE attributecontainer = 'ScreenEnhancement'), (SELECT id FROM profileitemattributecontainer WHERE attributecontainer = 'apipScreenEnhancement') );
INSERT INTO profileitemattributenameattributecontainer (attributenameid,attributecontainerid,createddate,createduser,activeflag,modifieddate,modifieduser,parentcontainerleveloneid,parentcontainerleveltwoid,parentcontainerlevelthreeid) VALUES ((select id from profileitemattribute where attributename ='assignedSupport'), (select id from profileitemattributecontainer where attributecontainer = 'BackgroundColour'),now(), (select id from aartuser where username='cetesysadmin'), true, now(), (select id from aartuser where username='cetesysadmin'),(SELECT id FROM profileitemattributecontainer WHERE attributecontainer = 'Access_For_All_User'), (SELECT id FROM profileitemattributecontainer WHERE attributecontainer = 'ScreenEnhancement'), (SELECT id FROM profileitemattributecontainer WHERE attributecontainer = 'apipScreenEnhancement') );
INSERT INTO profileitemattributenameattributecontainer (attributenameid,attributecontainerid,createddate,createduser,activeflag,modifieddate,modifieduser,parentcontainerleveloneid,parentcontainerleveltwoid,parentcontainerlevelthreeid) VALUES ((select id from profileitemattribute where attributename ='activateByDefault'), (select id from profileitemattributecontainer where attributecontainer = 'BackgroundColour'),now(), (select id from aartuser where username='cetesysadmin'), true, now(), (select id from aartuser where username='cetesysadmin'),(SELECT id FROM profileitemattributecontainer WHERE attributecontainer = 'Access_For_All_User'), (SELECT id FROM profileitemattributecontainer WHERE attributecontainer = 'ScreenEnhancement'), (SELECT id FROM profileitemattributecontainer WHERE attributecontainer = 'apipScreenEnhancement') );
INSERT INTO profileitemattributenameattributecontainer (attributenameid,attributecontainerid,createddate,createduser,activeflag,modifieddate,modifieduser,parentcontainerleveloneid,parentcontainerleveltwoid,parentcontainerlevelthreeid) VALUES ((select id from profileitemattribute where attributename ='assignedSupport'), (select id from profileitemattributecontainer where attributecontainer = 'ForegroundColour'),now(), (select id from aartuser where username='cetesysadmin'), true, now(), (select id from aartuser where username='cetesysadmin'),(SELECT id FROM profileitemattributecontainer WHERE attributecontainer = 'Access_For_All_User'), (SELECT id FROM profileitemattributecontainer WHERE attributecontainer = 'ScreenEnhancement'), (SELECT id FROM profileitemattributecontainer WHERE attributecontainer = 'apipScreenEnhancement') );
INSERT INTO profileitemattributenameattributecontainer (attributenameid,attributecontainerid,createddate,createduser,activeflag,modifieddate,modifieduser,parentcontainerleveloneid,parentcontainerleveltwoid,parentcontainerlevelthreeid) VALUES ((select id from profileitemattribute where attributename ='activateByDefault'), (select id from profileitemattributecontainer where attributecontainer = 'ForegroundColour'),now(), (select id from aartuser where username='cetesysadmin'), true, now(), (select id from aartuser where username='cetesysadmin'),(SELECT id FROM profileitemattributecontainer WHERE attributecontainer = 'Access_For_All_User'), (SELECT id FROM profileitemattributecontainer WHERE attributecontainer = 'ScreenEnhancement'), (SELECT id FROM profileitemattributecontainer WHERE attributecontainer = 'apipScreenEnhancement') );
INSERT INTO profileitemattributenameattributecontainer (attributenameid,attributecontainerid,createddate,createduser,activeflag,modifieddate,modifieduser,parentcontainerleveloneid,parentcontainerleveltwoid,parentcontainerlevelthreeid) VALUES ((select id from profileitemattribute where attributename ='colour'), (select id from profileitemattributecontainer where attributecontainer = 'ForegroundColour'),now(), (select id from aartuser where username='cetesysadmin'), true, now(), (select id from aartuser where username='cetesysadmin'),(SELECT id FROM profileitemattributecontainer WHERE attributecontainer = 'Access_For_All_User'), (SELECT id FROM profileitemattributecontainer WHERE attributecontainer = 'ScreenEnhancement'), (SELECT id FROM profileitemattributecontainer WHERE attributecontainer = 'apipScreenEnhancement') );
INSERT INTO profileitemattributenameattributecontainer (attributenameid,attributecontainerid,createddate,createduser,activeflag,modifieddate,modifieduser,parentcontainerleveloneid,parentcontainerleveltwoid,parentcontainerlevelthreeid) VALUES ((select id from profileitemattribute where attributename ='assignedSupport'), (select id from profileitemattributecontainer where attributecontainer = 'AdditionalTestingTime'),now(), (select id from aartuser where username='cetesysadmin'), true, now(), (select id from aartuser where username='cetesysadmin'),(SELECT id FROM profileitemattributecontainer WHERE attributecontainer = 'Access_For_All_User'), (SELECT id FROM profileitemattributecontainer WHERE attributecontainer = 'Control'), (SELECT id FROM profileitemattributecontainer WHERE attributecontainer = ' apipn:apipControl') );
INSERT INTO profileitemattributenameattributecontainer (attributenameid,attributecontainerid,createddate,createduser,activeflag,modifieddate,modifieduser,parentcontainerleveloneid,parentcontainerleveltwoid,parentcontainerlevelthreeid) VALUES ((select id from profileitemattribute where attributename ='activateByDefault'), (select id from profileitemattributecontainer where attributecontainer = 'AdditionalTestingTime'),now(), (select id from aartuser where username='cetesysadmin'), true, now(), (select id from aartuser where username='cetesysadmin'),(SELECT id FROM profileitemattributecontainer WHERE attributecontainer = 'Access_For_All_User'), (SELECT id FROM profileitemattributecontainer WHERE attributecontainer = 'Control'), (SELECT id FROM profileitemattributecontainer WHERE attributecontainer = ' apipn:apipControl') );
INSERT INTO profileitemattributenameattributecontainer (attributenameid,attributecontainerid,createddate,createduser,activeflag,modifieddate,modifieduser,parentcontainerleveloneid,parentcontainerleveltwoid,parentcontainerlevelthreeid) VALUES ((select id from profileitemattribute where attributename ='TimeMultiplier'), (select id from profileitemattributecontainer where attributecontainer = 'AdditionalTestingTime'),now(), (select id from aartuser where username='cetesysadmin'), true, now(), (select id from aartuser where username='cetesysadmin'),(SELECT id FROM profileitemattributecontainer WHERE attributecontainer = 'Access_For_All_User'), (SELECT id FROM profileitemattributecontainer WHERE attributecontainer = 'Control'), (SELECT id FROM profileitemattributecontainer WHERE attributecontainer = ' apipn:apipControl') );


--CEDS - profileitemattributenameattributecontainer

INSERT INTO profileitemattributenameattributecontainer (attributenameid,attributecontainerid,createddate,createduser,activeflag,modifieddate,modifieduser,parentcontainerleveloneid,parentcontainerleveltwoid,parentcontainerlevelthreeid) VALUES ((select id from profileitemattribute where attributename ='AssessmentNeedLanguageType'), (select id from profileitemattributecontainer where attributecontainer = 'AssessmentPersonalNeedsProfile'),now(), (select id from aartuser where username='cetesysadmin'), true, now(), (select id from aartuser where username='cetesysadmin'),(SELECT id FROM profileitemattributecontainer WHERE attributecontainer = 'Access_For_All_User'), (SELECT id FROM profileitemattributecontainer WHERE attributecontainer = 'Language'),(SELECT id FROM profileitemattributecontainer WHERE attributecontainer = ''));
INSERT INTO profileitemattributenameattributecontainer (attributenameid,attributecontainerid,createddate,createduser,activeflag,modifieddate,modifieduser,parentcontainerleveloneid,parentcontainerleveltwoid,parentcontainerlevelthreeid) VALUES ((select id from profileitemattribute where attributename ='AssessmentNeedSpokenSourcePreferenceType'), (select id from profileitemattributecontainer where attributecontainer = 'AssessmentNeedProfileDisplay'),now(), (select id from aartuser where username='cetesysadmin'), true, now(), (select id from aartuser where username='cetesysadmin'),(SELECT id FROM profileitemattributecontainer WHERE attributecontainer = 'Access_For_All_User'), (SELECT id FROM profileitemattributecontainer WHERE attributecontainer = 'Content'),(SELECT id FROM profileitemattributecontainer WHERE attributecontainer = ' apipn:apipContent'));
INSERT INTO profileitemattributenameattributecontainer (attributenameid,attributecontainerid,createddate,createduser,activeflag,modifieddate,modifieduser,parentcontainerleveloneid,parentcontainerleveltwoid,parentcontainerlevelthreeid) VALUES ((select id from profileitemattribute where attributename ='AssessmentNeedReadAtStartPreference'), (select id from profileitemattributecontainer where attributecontainer = 'AssessmentNeedProfileDisplay'),now(), (select id from aartuser where username='cetesysadmin'), true, now(), (select id from aartuser where username='cetesysadmin'),(SELECT id FROM profileitemattributecontainer WHERE attributecontainer = 'Access_For_All_User'), (SELECT id FROM profileitemattributecontainer WHERE attributecontainer = 'Content'),(SELECT id FROM profileitemattributecontainer WHERE attributecontainer = ' apipn:apipContent'));
INSERT INTO profileitemattributenameattributecontainer (attributenameid,attributecontainerid,createddate,createduser,activeflag,modifieddate,modifieduser,parentcontainerleveloneid,parentcontainerleveltwoid,parentcontainerlevelthreeid) VALUES ((select id from profileitemattribute where attributename ='AssessmentNeedUserSpokenPreferenceType'), (select id from profileitemattributecontainer where attributecontainer = 'AssessmentNeedProfileContent'),now(), (select id from aartuser where username='cetesysadmin'), true, now(), (select id from aartuser where username='cetesysadmin'),(SELECT id FROM profileitemattributecontainer WHERE attributecontainer = 'Access_For_All_User'), (SELECT id FROM profileitemattributecontainer WHERE attributecontainer = 'Content'),(SELECT id FROM profileitemattributecontainer WHERE attributecontainer = ' apipn:apipContent'));
INSERT INTO profileitemattributenameattributecontainer (attributenameid,attributecontainerid,createddate,createduser,activeflag,modifieddate,modifieduser,parentcontainerleveloneid,parentcontainerleveltwoid,parentcontainerlevelthreeid) VALUES ((select id from profileitemattribute where attributename ='AssessmentNeedSigningType'), (select id from profileitemattributecontainer where attributecontainer = 'AssessmentNeedProfileDisplay'),now(), (select id from aartuser where username='cetesysadmin'), true, now(), (select id from aartuser where username='cetesysadmin'),(SELECT id FROM profileitemattributecontainer WHERE attributecontainer = 'Access_For_All_User'), (SELECT id FROM profileitemattributecontainer WHERE attributecontainer = 'Content'),(SELECT id FROM profileitemattributecontainer WHERE attributecontainer = ' apipn:apipContent'));
INSERT INTO profileitemattributenameattributecontainer (attributenameid,attributecontainerid,createddate,createduser,activeflag,modifieddate,modifieduser,parentcontainerleveloneid,parentcontainerleveltwoid,parentcontainerlevelthreeid) VALUES ((select id from profileitemattribute where attributename ='AssessmentNeedBrailleGradeType'), (select id from profileitemattributecontainer where attributecontainer = 'AssessmentNeedProfileDisplay'),now(), (select id from aartuser where username='cetesysadmin'), true, now(), (select id from aartuser where username='cetesysadmin'),(SELECT id FROM profileitemattributecontainer WHERE attributecontainer = 'Access_For_All_User'), (SELECT id FROM profileitemattributecontainer WHERE attributecontainer = 'Display'),(SELECT id FROM profileitemattributecontainer WHERE attributecontainer = ''));
INSERT INTO profileitemattributenameattributecontainer (attributenameid,attributecontainerid,createddate,createduser,activeflag,modifieddate,modifieduser,parentcontainerleveloneid,parentcontainerleveltwoid,parentcontainerlevelthreeid) VALUES ((select id from profileitemattribute where attributename ='AssessmentNeedNumberOfBrailleDotsType'), (select id from profileitemattributecontainer where attributecontainer = 'AssessmentNeedProfileDisplay'),now(), (select id from aartuser where username='cetesysadmin'), true, now(), (select id from aartuser where username='cetesysadmin'),(SELECT id FROM profileitemattributecontainer WHERE attributecontainer = 'Access_For_All_User'), (SELECT id FROM profileitemattributecontainer WHERE attributecontainer = 'Display'),(SELECT id FROM profileitemattributecontainer WHERE attributecontainer = ''));
INSERT INTO profileitemattributenameattributecontainer (attributenameid,attributecontainerid,createddate,createduser,activeflag,modifieddate,modifieduser,parentcontainerleveloneid,parentcontainerleveltwoid,parentcontainerlevelthreeid) VALUES ((select id from profileitemattribute where attributename ='AssessmentNeedNumberOfBrailleCells'), (select id from profileitemattributecontainer where attributecontainer = 'AssessmentNeedProfileDisplay'),now(), (select id from aartuser where username='cetesysadmin'), true, now(), (select id from aartuser where username='cetesysadmin'),(SELECT id FROM profileitemattributecontainer WHERE attributecontainer = 'Access_For_All_User'), (SELECT id FROM profileitemattributecontainer WHERE attributecontainer = 'Display'),(SELECT id FROM profileitemattributecontainer WHERE attributecontainer = ''));
INSERT INTO profileitemattributenameattributecontainer (attributenameid,attributecontainerid,createddate,createduser,activeflag,modifieddate,modifieduser,parentcontainerleveloneid,parentcontainerleveltwoid,parentcontainerlevelthreeid) VALUES ((select id from profileitemattribute where attributename ='AssessmentNeedBrailleMarkType'), (select id from profileitemattributecontainer where attributecontainer = 'AssessmentNeedProfileDisplay'),now(), (select id from aartuser where username='cetesysadmin'), true, now(), (select id from aartuser where username='cetesysadmin'),(SELECT id FROM profileitemattributecontainer WHERE attributecontainer = 'Access_For_All_User'), (SELECT id FROM profileitemattributecontainer WHERE attributecontainer = 'Display'),(SELECT id FROM profileitemattributecontainer WHERE attributecontainer = ''));
INSERT INTO profileitemattributenameattributecontainer (attributenameid,attributecontainerid,createddate,createduser,activeflag,modifieddate,modifieduser,parentcontainerleveloneid,parentcontainerleveltwoid,parentcontainerlevelthreeid) VALUES ((select id from profileitemattribute where attributename ='AssessmentNeedBrailleDotPressure'), (select id from profileitemattributecontainer where attributecontainer = 'AssessmentNeedProfileDisplay'),now(), (select id from aartuser where username='cetesysadmin'), true, now(), (select id from aartuser where username='cetesysadmin'),(SELECT id FROM profileitemattributecontainer WHERE attributecontainer = 'Access_For_All_User'), (SELECT id FROM profileitemattributecontainer WHERE attributecontainer = 'Display'),(SELECT id FROM profileitemattributecontainer WHERE attributecontainer = ''));
INSERT INTO profileitemattributenameattributecontainer (attributenameid,attributecontainerid,createddate,createduser,activeflag,modifieddate,modifieduser,parentcontainerleveloneid,parentcontainerleveltwoid,parentcontainerlevelthreeid) VALUES ((select id from profileitemattribute where attributename ='AssessmentNeedBrailleStatusCellType'), (select id from profileitemattributecontainer where attributecontainer = 'AssessmentNeedProfileDisplay'),now(), (select id from aartuser where username='cetesysadmin'), true, now(), (select id from aartuser where username='cetesysadmin'),(SELECT id FROM profileitemattributecontainer WHERE attributecontainer = 'Access_For_All_User'), (SELECT id FROM profileitemattributecontainer WHERE attributecontainer = 'Display'),(SELECT id FROM profileitemattributecontainer WHERE attributecontainer = ''));
INSERT INTO profileitemattributenameattributecontainer (attributenameid,attributecontainerid,createddate,createduser,activeflag,modifieddate,modifieduser,parentcontainerleveloneid,parentcontainerleveltwoid,parentcontainerlevelthreeid) VALUES ((select id from profileitemattribute where attributename ='AssessmentNeedKeywordTranslationLanguageType'), (select id from profileitemattributecontainer where attributecontainer = 'AssessmentNeedProfileControl'),now(), (select id from aartuser where username='cetesysadmin'), true, now(), (select id from aartuser where username='cetesysadmin'),(SELECT id FROM profileitemattributecontainer WHERE attributecontainer = 'Access_For_All_User'), (SELECT id FROM profileitemattributecontainer WHERE attributecontainer = 'Display'),(SELECT id FROM profileitemattributecontainer WHERE attributecontainer = ''));
INSERT INTO profileitemattributenameattributecontainer (attributenameid,attributecontainerid,createddate,createduser,activeflag,modifieddate,modifieduser,parentcontainerleveloneid,parentcontainerleveltwoid,parentcontainerlevelthreeid) VALUES ((select id from profileitemattribute where attributename ='AssessmentNeedMaskingType'), (select id from profileitemattributecontainer where attributecontainer = 'AssessmentNeedProfileDisplay'),now(), (select id from aartuser where username='cetesysadmin'), true, now(), (select id from aartuser where username='cetesysadmin'),(SELECT id FROM profileitemattributecontainer WHERE attributecontainer = 'Access_For_All_User'), (SELECT id FROM profileitemattributecontainer WHERE attributecontainer = 'Display'),(SELECT id FROM profileitemattributecontainer WHERE attributecontainer = 'apipn:apipDisplay'));
INSERT INTO profileitemattributenameattributecontainer (attributenameid,attributecontainerid,createddate,createduser,activeflag,modifieddate,modifieduser,parentcontainerleveloneid,parentcontainerleveltwoid,parentcontainerlevelthreeid) VALUES ((select id from profileitemattribute where attributename ='AssessmentNeedMagnification'), (select id from profileitemattributecontainer where attributecontainer = 'AssessmentNeedProfileDisplay'),now(), (select id from aartuser where username='cetesysadmin'), true, now(), (select id from aartuser where username='cetesysadmin'),(SELECT id FROM profileitemattributecontainer WHERE attributecontainer = 'Access_For_All_User'), (SELECT id FROM profileitemattributecontainer WHERE attributecontainer = 'ScreenEnhancement'),(SELECT id FROM profileitemattributecontainer WHERE attributecontainer = ''));
INSERT INTO profileitemattributenameattributecontainer (attributenameid,attributecontainerid,createddate,createduser,activeflag,modifieddate,modifieduser,parentcontainerleveloneid,parentcontainerleveltwoid,parentcontainerlevelthreeid) VALUES ((select id from profileitemattribute where attributename ='AssessmentNeedInvertColorChoice'), (select id from profileitemattributecontainer where attributecontainer = 'AssessmentNeedProfileDisplay'),now(), (select id from aartuser where username='cetesysadmin'), true, now(), (select id from aartuser where username='cetesysadmin'),(SELECT id FROM profileitemattributecontainer WHERE attributecontainer = 'Access_For_All_User'), (SELECT id FROM profileitemattributecontainer WHERE attributecontainer = 'ScreenEnhancement'),(SELECT id FROM profileitemattributecontainer WHERE attributecontainer = ''));
INSERT INTO profileitemattributenameattributecontainer (attributenameid,attributecontainerid,createddate,createduser,activeflag,modifieddate,modifieduser,parentcontainerleveloneid,parentcontainerleveltwoid,parentcontainerlevelthreeid) VALUES ((select id from profileitemattribute where attributename ='AssessmentNeedOverlayColor'), (select id from profileitemattributecontainer where attributecontainer = 'AssessmentNeedScreenEnhancement'),now(), (select id from aartuser where username='cetesysadmin'), true, now(), (select id from aartuser where username='cetesysadmin'),(SELECT id FROM profileitemattributecontainer WHERE attributecontainer = 'Access_For_All_User'), (SELECT id FROM profileitemattributecontainer WHERE attributecontainer = 'ScreenEnhancement'),(SELECT id FROM profileitemattributecontainer WHERE attributecontainer = 'apipScreenEnhancement'));
INSERT INTO profileitemattributenameattributecontainer (attributenameid,attributecontainerid,createddate,createduser,activeflag,modifieddate,modifieduser,parentcontainerleveloneid,parentcontainerleveltwoid,parentcontainerlevelthreeid) VALUES ((select id from profileitemattribute where attributename ='AssessmentNeedBackgroundColor'), (select id from profileitemattributecontainer where attributecontainer = 'AssessmentNeedScreenEnhancement'),now(), (select id from aartuser where username='cetesysadmin'), true, now(), (select id from aartuser where username='cetesysadmin'),(SELECT id FROM profileitemattributecontainer WHERE attributecontainer = 'Access_For_All_User'), (SELECT id FROM profileitemattributecontainer WHERE attributecontainer = 'ScreenEnhancement'),(SELECT id FROM profileitemattributecontainer WHERE attributecontainer = 'apipScreenEnhancement'));
INSERT INTO profileitemattributenameattributecontainer (attributenameid,attributecontainerid,createddate,createduser,activeflag,modifieddate,modifieduser,parentcontainerleveloneid,parentcontainerleveltwoid,parentcontainerlevelthreeid) VALUES ((select id from profileitemattribute where attributename ='AssessmentNeedForegroundColor'), (select id from profileitemattributecontainer where attributecontainer = 'AssessmentNeedScreenEnhancement'),now(), (select id from aartuser where username='cetesysadmin'), true, now(), (select id from aartuser where username='cetesysadmin'),(SELECT id FROM profileitemattributecontainer WHERE attributecontainer = 'Access_For_All_User'), (SELECT id FROM profileitemattributecontainer WHERE attributecontainer = 'ScreenEnhancement'),(SELECT id FROM profileitemattributecontainer WHERE attributecontainer = 'apipScreenEnhancement'));
INSERT INTO profileitemattributenameattributecontainer (attributenameid,attributecontainerid,createddate,createduser,activeflag,modifieddate,modifieduser,parentcontainerleveloneid,parentcontainerleveltwoid,parentcontainerlevelthreeid) VALUES ((select id from profileitemattribute where attributename ='AssessmentNeedTimeMultiplier'), (select id from profileitemattributecontainer where attributecontainer = 'AssessmentNeedProfileControl'),now(), (select id from aartuser where username='cetesysadmin'), true, now(), (select id from aartuser where username='cetesysadmin'),(SELECT id FROM profileitemattributecontainer WHERE attributecontainer = 'Access_For_All_User'), (SELECT id FROM profileitemattributecontainer WHERE attributecontainer = 'Control'),(SELECT id FROM profileitemattributecontainer WHERE attributecontainer = ' apipn:apipControl'));


--SIF - profileitemattributenameattributecontainer

INSERT INTO profileitemattributenameattributecontainer (attributenameid,attributecontainerid,createddate,createduser,activeflag,modifieddate,modifieduser,parentcontainerleveloneid,parentcontainerleveltwoid,parentcontainerlevelthreeid)VALUES ((select id from profileitemattribute where attributename ='needLanguageType'), (select id from profileitemattributecontainer where attributecontainer = 'AssessmentPersonalNeedsProfile'),now(), (select id from aartuser where username='cetesysadmin'), true, now(), (select id from aartuser where username='cetesysadmin'),(SELECT id FROM profileitemattributecontainer WHERE attributecontainer = 'Access_For_All_User'), (SELECT id FROM profileitemattributecontainer WHERE attributecontainer = 'Language'),(SELECT id FROM profileitemattributecontainer WHERE attributecontainer = ''));
INSERT INTO profileitemattributenameattributecontainer (attributenameid,attributecontainerid,createddate,createduser,activeflag,modifieddate,modifieduser,parentcontainerleveloneid,parentcontainerleveltwoid,parentcontainerlevelthreeid)VALUES ((select id from profileitemattribute where attributename ='needSpokenSourcePreferenceType'), (select id from profileitemattributecontainer where attributecontainer = 'AssessmentPersonalNeedsProfile'),now(), (select id from aartuser where username='cetesysadmin'), true, now(), (select id from aartuser where username='cetesysadmin'),(SELECT id FROM profileitemattributecontainer WHERE attributecontainer = 'Access_For_All_User'), (SELECT id FROM profileitemattributecontainer WHERE attributecontainer = 'Content'),(SELECT id FROM profileitemattributecontainer WHERE attributecontainer = ' apipn:apipContent'));
INSERT INTO profileitemattributenameattributecontainer (attributenameid,attributecontainerid,createddate,createduser,activeflag,modifieddate,modifieduser,parentcontainerleveloneid,parentcontainerleveltwoid,parentcontainerlevelthreeid)VALUES ((select id from profileitemattribute where attributename ='needReadAtStartPreference'), (select id from profileitemattributecontainer where attributecontainer = 'AssessmentPersonalNeedsProfile'),now(), (select id from aartuser where username='cetesysadmin'), true, now(), (select id from aartuser where username='cetesysadmin'),(SELECT id FROM profileitemattributecontainer WHERE attributecontainer = 'Access_For_All_User'), (SELECT id FROM profileitemattributecontainer WHERE attributecontainer = 'Content'),(SELECT id FROM profileitemattributecontainer WHERE attributecontainer = ' apipn:apipContent'));
INSERT INTO profileitemattributenameattributecontainer (attributenameid,attributecontainerid,createddate,createduser,activeflag,modifieddate,modifieduser,parentcontainerleveloneid,parentcontainerleveltwoid,parentcontainerlevelthreeid)VALUES ((select id from profileitemattribute where attributename ='needUserSpokenPreferenceType'), (select id from profileitemattributecontainer where attributecontainer = 'AssessmentPersonalNeedsProfile'),now(), (select id from aartuser where username='cetesysadmin'), true, now(), (select id from aartuser where username='cetesysadmin'),(SELECT id FROM profileitemattributecontainer WHERE attributecontainer = 'Access_For_All_User'), (SELECT id FROM profileitemattributecontainer WHERE attributecontainer = 'Content'),(SELECT id FROM profileitemattributecontainer WHERE attributecontainer = ' apipn:apipContent'));
INSERT INTO profileitemattributenameattributecontainer (attributenameid,attributecontainerid,createddate,createduser,activeflag,modifieddate,modifieduser,parentcontainerleveloneid,parentcontainerleveltwoid,parentcontainerlevelthreeid)VALUES ((select id from profileitemattribute where attributename ='needSigningType'), (select id from profileitemattributecontainer where attributecontainer = 'AssessmentPersonalNeedsProfile'),now(), (select id from aartuser where username='cetesysadmin'), true, now(), (select id from aartuser where username='cetesysadmin'),(SELECT id FROM profileitemattributecontainer WHERE attributecontainer = 'Access_For_All_User'), (SELECT id FROM profileitemattributecontainer WHERE attributecontainer = 'Content'),(SELECT id FROM profileitemattributecontainer WHERE attributecontainer = ' apipn:apipContent'));
INSERT INTO profileitemattributenameattributecontainer (attributenameid,attributecontainerid,createddate,createduser,activeflag,modifieddate,modifieduser,parentcontainerleveloneid,parentcontainerleveltwoid,parentcontainerlevelthreeid)VALUES ((select id from profileitemattribute where attributename ='AssessmentNeedBrailleGradeType'), (select id from profileitemattributecontainer where attributecontainer = 'AssessmentPersonalNeedsProfile'),now(), (select id from aartuser where username='cetesysadmin'), true, now(), (select id from aartuser where username='cetesysadmin'),(SELECT id FROM profileitemattributecontainer WHERE attributecontainer = 'Access_For_All_User'), (SELECT id FROM profileitemattributecontainer WHERE attributecontainer = 'Display'),(SELECT id FROM profileitemattributecontainer WHERE attributecontainer = ''));
INSERT INTO profileitemattributenameattributecontainer (attributenameid,attributecontainerid,createddate,createduser,activeflag,modifieddate,modifieduser,parentcontainerleveloneid,parentcontainerleveltwoid,parentcontainerlevelthreeid)VALUES ((select id from profileitemattribute where attributename ='AssessmentNeedNumberOfBrailleDotsType'), (select id from profileitemattributecontainer where attributecontainer = 'AssessmentPersonalNeedsProfile'),now(), (select id from aartuser where username='cetesysadmin'), true, now(), (select id from aartuser where username='cetesysadmin'),(SELECT id FROM profileitemattributecontainer WHERE attributecontainer = 'Access_For_All_User'), (SELECT id FROM profileitemattributecontainer WHERE attributecontainer = 'Display'),(SELECT id FROM profileitemattributecontainer WHERE attributecontainer = ''));
INSERT INTO profileitemattributenameattributecontainer (attributenameid,attributecontainerid,createddate,createduser,activeflag,modifieddate,modifieduser,parentcontainerleveloneid,parentcontainerleveltwoid,parentcontainerlevelthreeid)VALUES ((select id from profileitemattribute where attributename ='AssessmentNeedNumberOfBrailleCells'), (select id from profileitemattributecontainer where attributecontainer = 'AssessmentPersonalNeedsProfile'),now(), (select id from aartuser where username='cetesysadmin'), true, now(), (select id from aartuser where username='cetesysadmin'),(SELECT id FROM profileitemattributecontainer WHERE attributecontainer = 'Access_For_All_User'), (SELECT id FROM profileitemattributecontainer WHERE attributecontainer = 'Display'),(SELECT id FROM profileitemattributecontainer WHERE attributecontainer = ''));
INSERT INTO profileitemattributenameattributecontainer (attributenameid,attributecontainerid,createddate,createduser,activeflag,modifieddate,modifieduser,parentcontainerleveloneid,parentcontainerleveltwoid,parentcontainerlevelthreeid)VALUES ((select id from profileitemattribute where attributename ='AssessmentNeedBrailleMarkType'), (select id from profileitemattributecontainer where attributecontainer = 'AssessmentPersonalNeedsProfile'),now(), (select id from aartuser where username='cetesysadmin'), true, now(), (select id from aartuser where username='cetesysadmin'),(SELECT id FROM profileitemattributecontainer WHERE attributecontainer = 'Access_For_All_User'), (SELECT id FROM profileitemattributecontainer WHERE attributecontainer = 'Display'),(SELECT id FROM profileitemattributecontainer WHERE attributecontainer = ''));
INSERT INTO profileitemattributenameattributecontainer (attributenameid,attributecontainerid,createddate,createduser,activeflag,modifieddate,modifieduser,parentcontainerleveloneid,parentcontainerleveltwoid,parentcontainerlevelthreeid)VALUES ((select id from profileitemattribute where attributename ='AssessmentNeedBrailleDotPressure'), (select id from profileitemattributecontainer where attributecontainer = 'AssessmentPersonalNeedsProfile'),now(), (select id from aartuser where username='cetesysadmin'), true, now(), (select id from aartuser where username='cetesysadmin'),(SELECT id FROM profileitemattributecontainer WHERE attributecontainer = 'Access_For_All_User'), (SELECT id FROM profileitemattributecontainer WHERE attributecontainer = 'Display'),(SELECT id FROM profileitemattributecontainer WHERE attributecontainer = ''));
INSERT INTO profileitemattributenameattributecontainer (attributenameid,attributecontainerid,createddate,createduser,activeflag,modifieddate,modifieduser,parentcontainerleveloneid,parentcontainerleveltwoid,parentcontainerlevelthreeid)VALUES ((select id from profileitemattribute where attributename ='AssessmentNeedBrailleStatusCellType'), (select id from profileitemattributecontainer where attributecontainer = 'AssessmentPersonalNeedsProfile'),now(), (select id from aartuser where username='cetesysadmin'), true, now(), (select id from aartuser where username='cetesysadmin'),(SELECT id FROM profileitemattributecontainer WHERE attributecontainer = 'Access_For_All_User'), (SELECT id FROM profileitemattributecontainer WHERE attributecontainer = 'Display'),(SELECT id FROM profileitemattributecontainer WHERE attributecontainer = ''));
INSERT INTO profileitemattributenameattributecontainer (attributenameid,attributecontainerid,createddate,createduser,activeflag,modifieddate,modifieduser,parentcontainerleveloneid,parentcontainerleveltwoid,parentcontainerlevelthreeid)VALUES ((select id from profileitemattribute where attributename ='needItemTranslationDisplayLanguageType'), (select id from profileitemattributecontainer where attributecontainer = 'AssessmentPersonalNeedsProfile'),now(), (select id from aartuser where username='cetesysadmin'), true, now(), (select id from aartuser where username='cetesysadmin'),(SELECT id FROM profileitemattributecontainer WHERE attributecontainer = 'Access_For_All_User'), (SELECT id FROM profileitemattributecontainer WHERE attributecontainer = 'Display'),(SELECT id FROM profileitemattributecontainer WHERE attributecontainer = ''));
INSERT INTO profileitemattributenameattributecontainer (attributenameid,attributecontainerid,createddate,createduser,activeflag,modifieddate,modifieduser,parentcontainerleveloneid,parentcontainerleveltwoid,parentcontainerlevelthreeid)VALUES ((select id from profileitemattribute where attributename ='needMaskingType'), (select id from profileitemattributecontainer where attributecontainer = 'AssessmentPersonalNeedsProfile'),now(), (select id from aartuser where username='cetesysadmin'), true, now(), (select id from aartuser where username='cetesysadmin'),(SELECT id FROM profileitemattributecontainer WHERE attributecontainer = 'Access_For_All_User'), (SELECT id FROM profileitemattributecontainer WHERE attributecontainer = 'Display'),(SELECT id FROM profileitemattributecontainer WHERE attributecontainer = 'apipn:apipDisplay'));
INSERT INTO profileitemattributenameattributecontainer (attributenameid,attributecontainerid,createddate,createduser,activeflag,modifieddate,modifieduser,parentcontainerleveloneid,parentcontainerleveltwoid,parentcontainerlevelthreeid)VALUES ((select id from profileitemattribute where attributename ='needInvertColorChoice'), (select id from profileitemattributecontainer where attributecontainer = 'AssessmentPersonalNeedsProfile'),now(), (select id from aartuser where username='cetesysadmin'), true, now(), (select id from aartuser where username='cetesysadmin'),(SELECT id FROM profileitemattributecontainer WHERE attributecontainer = 'Access_For_All_User'), (SELECT id FROM profileitemattributecontainer WHERE attributecontainer = 'ScreenEnhancement'),(SELECT id FROM profileitemattributecontainer WHERE attributecontainer = ''));
INSERT INTO profileitemattributenameattributecontainer (attributenameid,attributecontainerid,createddate,createduser,activeflag,modifieddate,modifieduser,parentcontainerleveloneid,parentcontainerleveltwoid,parentcontainerlevelthreeid)VALUES ((select id from profileitemattribute where attributename ='needOverlayColor'), (select id from profileitemattributecontainer where attributecontainer = 'AssessmentPersonalNeedsProfile'),now(), (select id from aartuser where username='cetesysadmin'), true, now(), (select id from aartuser where username='cetesysadmin'),(SELECT id FROM profileitemattributecontainer WHERE attributecontainer = 'Access_For_All_User'), (SELECT id FROM profileitemattributecontainer WHERE attributecontainer = 'ScreenEnhancement'),(SELECT id FROM profileitemattributecontainer WHERE attributecontainer = 'apipScreenEnhancement'));
INSERT INTO profileitemattributenameattributecontainer (attributenameid,attributecontainerid,createddate,createduser,activeflag,modifieddate,modifieduser,parentcontainerleveloneid,parentcontainerleveltwoid,parentcontainerlevelthreeid)VALUES ((select id from profileitemattribute where attributename ='needBackgroundColor'), (select id from profileitemattributecontainer where attributecontainer = 'AssessmentPersonalNeedsProfile'),now(), (select id from aartuser where username='cetesysadmin'), true, now(), (select id from aartuser where username='cetesysadmin'),(SELECT id FROM profileitemattributecontainer WHERE attributecontainer = 'Access_For_All_User'), (SELECT id FROM profileitemattributecontainer WHERE attributecontainer = 'ScreenEnhancement'),(SELECT id FROM profileitemattributecontainer WHERE attributecontainer = 'apipScreenEnhancement'));
INSERT INTO profileitemattributenameattributecontainer (attributenameid,attributecontainerid,createddate,createduser,activeflag,modifieddate,modifieduser,parentcontainerleveloneid,parentcontainerleveltwoid,parentcontainerlevelthreeid)VALUES ((select id from profileitemattribute where attributename ='needForegroundColor'), (select id from profileitemattributecontainer where attributecontainer = 'AssessmentPersonalNeedsProfile'),now(), (select id from aartuser where username='cetesysadmin'), true, now(), (select id from aartuser where username='cetesysadmin'),(SELECT id FROM profileitemattributecontainer WHERE attributecontainer = 'Access_For_All_User'), (SELECT id FROM profileitemattributecontainer WHERE attributecontainer = 'ScreenEnhancement'),(SELECT id FROM profileitemattributecontainer WHERE attributecontainer = 'apipScreenEnhancement'));
INSERT INTO profileitemattributenameattributecontainer (attributenameid,attributecontainerid,createddate,createduser,activeflag,modifieddate,modifieduser,parentcontainerleveloneid,parentcontainerleveltwoid,parentcontainerlevelthreeid)VALUES ((select id from profileitemattribute where attributename ='needTimeMultiplier'), (select id from profileitemattributecontainer where attributecontainer = 'AssessmentPersonalNeedsProfile'),now(), (select id from aartuser where username='cetesysadmin'), true, now(), (select id from aartuser where username='cetesysadmin'),(SELECT id FROM profileitemattributecontainer WHERE attributecontainer = 'Access_For_All_User'), (SELECT id FROM profileitemattributecontainer WHERE attributecontainer = 'Control'),(SELECT id FROM profileitemattributecontainer WHERE attributecontainer = 'apipn:apipControl'));

